n;crossing resolution fa;crossing resolution rm;crossing resolution tr;crossing resolution rm-1;angular resolution fa;angular resolution rm;angular resolution tr;angular resolution rm-1;Aspect ratio fa;Aspect ratio rm;Aspect ratio tr;Aspect ratio rm-1;Crossing number fa;Crossing number rm;Crossing number tr;Crossing number rm-1;Time fa;Time rm;Time tr;Time rm-1;Iterations rm;Iterations rm-1;Iterations fa;empty;empty2
11;72.0771857142857;89.4815428571429;72.0771857142857;84.0350714285714;23.5170285714286;21.5303;23.5170285714286;22.4563857142857;1.79404336435434;21.0489334581817;1.79404336435434;1.81515814306049;4.85714285714286;3.14285714285714;4.85714285714286;4.28571428571429;146.571428571429;60.4285714285714;146.571428571429;80.5714285714286;671.428571428571;971.428571428572;1800;;
12;73.264175;88.57765;73.264175;85.004875;29.755525;22.914475;29.755525;24.534025;1.74492424999402;9.45706523319733;1.74492424999402;1.7718728947533;5.75;3;5.75;3.5;151.5;58.5;151.5;104.5;600;1500;1650;;
13;77.01264;88.0124;77.01264;85.8827;23.63316;23.74108;23.63316;22.82752;1.57781137718389;9.24065072340505;1.57781137718389;1.68782144372071;3.2;3;3.2;2.8;25.6;87.6;25.6;62.4;860;780;320;;
14;75.5995333333333;89.7813333333333;75.5995333333333;83.9809333333333;25.1440333333333;19.4173;25.1440333333333;19.6855;1.81943378586435;10.8112058617229;1.81943378586435;1.73549606887664;5.33333333333333;3.66666666666667;5.33333333333333;5;393;104;393;78;966.666666666667;1033.33333333333;3466.66666666667;;
15;75.10984;89.04416;75.10984;81.29709;22.52777;17.6003;22.52777;18.79855;1.7066807456709;8.63949029579895;1.7066807456709;2.00478691895634;5;3;5;4.3;248;87.4;248;80.1;860;1020;2430;;
16;71.3981818181818;89.0263636363637;71.3981818181818;80.9269909090909;23.7032545454545;18.1141636363636;23.7032545454545;21.2493636363636;1.79572498907977;13.974603287963;1.79572498907977;1.85446031076904;5.54545454545455;3.45454545454545;5.54545454545455;4.81818181818182;119;97.7272727272727;119;104.636363636364;781.818181818182;1218.18181818182;1190.90909090909;;
17;67.2837777777778;89.4952444444444;67.2837777777778;81.7659333333333;23.1149555555556;18.5924888888889;23.1149555555556;20.1219111111111;1.90817364167163;29.8547708289627;1.90817364167163;1.88194193393552;6.44444444444444;3.66666666666667;6.44444444444444;5;599.333333333333;124.777777777778;599.333333333333;123.555555555556;966.666666666667;1100;4800;;
18;71.9815076923077;88.8451538461539;71.9815076923077;80.3349076923077;23.1633230769231;18.1682153846154;23.1633230769231;22.6943846153846;1.76677712671314;19.1968394504861;1.76677712671314;1.88201333099565;4.69230769230769;3.46153846153846;4.69230769230769;4;380.230769230769;94.8461538461538;380.230769230769;87.0769230769231;769.230769230769;884.615384615385;3084.61538461538;;
19;67.2744411764706;88.1279823529412;67.2744411764706;78.4153058823529;22.2028235294118;18.9830058823529;22.2028235294118;20.4269647058824;1.77434354153964;39.3227404507938;1.77434354153964;1.88080154297374;7.29411764705882;6.17647058823529;7.29411764705882;6.64705882352941;190.882352941176;160.588235294118;190.882352941176;114.294117647059;1211.76470588235;976.470588235294;1252.94117647059;;
20;70.065975;88.64625;70.065975;79.4628833333333;25.2416833333333;18.5148833333333;25.2416833333333;18.3136;1.83799451284368;17.0410163563627;1.83799451284368;1.85201139353497;5.5;4.66666666666667;5.5;4.41666666666667;313.416666666667;145.833333333333;313.416666666667;81.8333333333333;1066.66666666667;800;2133.33333333333;;
21;69.8437913043478;87.3351304347826;69.8437913043478;79.4849;23.1064739130435;16.4895304347826;23.1064739130435;17.907247826087;1.85190811193662;13.161030453358;1.85190811193662;1.93162414832374;7.47826086956522;5.26086956521739;7.47826086956522;6.47826086956522;458.173913043478;120.652173913043;458.173913043478;105.782608695652;752.173913043478;808.695652173913;2704.34782608696;;
22;67.8967;86.3249647058823;67.8967;80.0588823529412;22.5413705882353;18.6609235294118;22.5413705882353;17.5675764705882;1.82998391698147;17.4597784651666;1.82998391698147;1.9144981129946;7.29411764705882;6.41176470588235;7.29411764705882;6.41176470588235;343.176470588235;174.352941176471;343.176470588235;105.294117647059;1123.52941176471;752.941176470588;2052.94117647059;;
23;69.4837285714286;87.7493428571429;69.4837285714286;79.3290142857143;20.8239785714286;15.3263071428571;20.8239785714286;17.4124785714286;1.81394706785077;22.5523580801473;1.81394706785077;2.0574094275361;7.28571428571429;6.14285714285714;7.28571428571429;7.21428571428571;644;198.285714285714;644;121.857142857143;1142.85714285714;850;3671.42857142857;;
24;64.1327666666667;87.8797888888889;64.1327666666667;82.1788666666667;19.8313;12.2709666666667;19.8313;15.5818;1.8564621183698;17.5550655478704;1.8564621183698;1.95157505322097;8.66666666666667;6.33333333333333;8.66666666666667;7.11111111111111;314.111111111111;183.666666666667;314.111111111111;183.333333333333;1011.11111111111;1333.33333333333;1411.11111111111;;
25;65.8426818181818;86.5165636363636;65.8426818181818;85.0930545454545;18.5615818181818;12.3789090909091;18.5615818181818;12.6291090909091;1.86433122878352;26.6037258533811;1.86433122878352;2.23572909318948;9.45454545454546;9.09090909090909;9.45454545454546;6.09090909090909;225.636363636364;201.363636363636;225.636363636364;181.545454545455;1009.09090909091;1290.90909090909;1136.36363636364;;
26;65.8948444444444;85.8128555555556;65.8948444444444;82.1338611111111;22.4860944444444;16.0041611111111;22.4860944444444;18.5154722222222;1.90226905649744;27.937216658219;1.90226905649744;2.04057219255292;8.44444444444444;7.16666666666667;8.44444444444444;6.27777777777778;209.277777777778;178.666666666667;209.277777777778;161;905.555555555556;1083.33333333333;905.555555555556;;
27;74.2241529411765;89.2268411764706;74.2241529411765;85.0484882352941;26.2601764705882;17.1068058823529;26.2601764705882;20.3865823529412;1.76104478890328;22.1535979064013;1.76104478890328;1.97143783273473;6.64705882352941;3.82352941176471;6.64705882352941;4.82352941176471;324.647058823529;164.117647058824;324.647058823529;171.176470588235;894.117647058824;1129.41176470588;1270.58823529412;;
28;70.2046;86.32808;70.2046;81.8378333333333;20.71338;19.30162;20.71338;18.8566866666667;1.81847685317392;36.4701207058593;1.81847685317392;1.99624832321843;7.6;7;7.6;6.53333333333333;224.933333333333;218.333333333333;224.933333333333;183.666666666667;1133.33333333333;1153.33333333333;840;;
29;70.6001714285714;87.8371428571429;70.6001714285714;84.0099285714286;23.788380952381;17.4066523809524;23.788380952381;18.8096;1.8778547047671;17.0542246516916;1.8778547047671;1.98522366501966;8.0952380952381;6.71428571428571;8.0952380952381;6.80952380952381;704.857142857143;205.809523809524;704.857142857143;162.428571428571;1076.19047619048;990.476190476191;2623.80952380952;;
30;70.8851210526316;87.2595263157895;70.8851210526316;77.8091578947368;20.438;16.5325421052632;20.438;18.2821263157895;1.93932414630983;19.8602048156712;1.93932414630983;2.04674251086759;8.31578947368421;6.47368421052632;8.31578947368421;7.10526315789474;184.210526315789;194.736842105263;184.210526315789;175.157894736842;921.052631578947;1010.52631578947;626.315789473684;;
31;68.5674095238095;83.0109047619048;68.5674095238095;77.4487285714286;23.4145428571429;16.2737476190476;23.4145428571429;19.4748476190476;1.90192903394068;20.7509550211064;1.90192903394068;2.01334835399832;9.71428571428571;7.80952380952381;9.71428571428571;8.71428571428571;758.142857142857;206.428571428571;758.142857142857;207.857142857143;961.904761904762;1266.66666666667;2557.14285714286;;
32;73.6657119047619;87.8222880952381;73.6657119047619;81.8474261904762;27.1595619047619;22.6012952380952;27.1595619047619;23.076830952381;1.74797602213955;14.7602999363843;1.74797602213955;1.98833861832755;7.16666666666667;5.83333333333333;7.16666666666667;6.14285714285714;388.761904761905;232.238095238095;388.761904761905;202.666666666667;1090.47619047619;1166.66666666667;1423.80952380952;;
33;70.2849754716981;86.5241018867925;70.2849754716981;78.4736056603774;24.4109;16.9591547169811;24.4109;18.895841509434;1.80074941038541;20.5009153344507;1.80074941038541;2.12533607884905;9.0377358490566;7.9622641509434;9.0377358490566;7.79245283018868;507.283018867925;225.452830188679;507.283018867925;169.264150943396;988.679245283019;933.962264150943;1571.69811320755;;
34;70.9225387096774;88.1399935483871;70.9225387096774;80.1744193548387;23.7275306451613;21.03395;23.7275306451613;21.4883290322581;1.82004761511155;16.2769680922407;1.82004761511155;2.10863481427372;7.58064516129032;6.03225806451613;7.58064516129032;6.43548387096774;469.112903225807;212.032258064516;469.112903225807;171.548387096774;924.193548387097;974.193548387097;1451.61290322581;;
35;69.2057462365591;86.6832473118279;69.2057462365591;78.4885870967742;23.8006870967742;17.0567290322581;23.8006870967742;19.3606774193548;1.83059541913293;25.5536743545627;1.83059541913293;2.09120026196898;9.49462365591398;8.53763440860215;9.49462365591398;8.32258064516129;326.537634408602;282.58064516129;326.537634408602;207.956989247312;1162.36559139785;1121.50537634409;868.817204301075;;
36;67.7714609195403;86.6272206896552;67.7714609195403;79.0961327586207;21.4260235632184;17.0262482758621;21.4260235632184;17.6068862068965;1.86876553152044;29.0384400825858;1.86876553152044;2.13056596632257;10.2413793103448;9.26436781609195;10.2413793103448;8.44827586206897;524.890804597701;289.862068965517;524.890804597701;209.459770114943;1183.90804597701;1082.18390804598;1350;;
37;65.5418020100503;84.896311557789;65.5418020100503;75.5885618090452;20.8176683417085;15.3995904522613;20.8176683417085;17.071824120603;1.89087586275751;24.750524494261;1.89087586275751;2.15279838576006;11.7336683417085;10.9748743718593;11.7336683417085;9.9748743718593;373.025125628141;300.668341708543;373.025125628141;215.542713567839;1152.26130653266;1059.79899497487;922.613065326633;;
38;64.6593439814815;84.6498949074074;64.6593439814815;76.2407694444444;20.0305958333333;15.0336634259259;20.0305958333333;17.0932194444445;1.91857680571276;33.2786775840785;1.91857680571276;2.21160428498655;12.5138888888889;12.0740740740741;12.5138888888889;10.6944444444444;503.175925925926;334.907407407407;503.175925925926;247.708333333333;1210.64814814815;1177.77777777778;1171.2962962963;;
39;62.6917474903475;83.4042656370655;62.6917474903475;73.2563853281854;19.1476544401544;14.5734544401544;19.1476544401544;15.585211969112;1.95540808224736;30.6669788665287;1.95540808224736;2.22651954767519;14.5791505791506;13.5057915057915;14.5791505791506;12.7760617760618;544.19305019305;346.474903474903;544.19305019305;248.938223938224;1274.90347490347;1117.76061776062;1169.11196911197;;
40;62.3280070484582;83.6631207048458;62.3280070484582;73.4980753303965;19.1267083700441;13.8268986784141;19.1267083700441;15.0684726872247;1.96527229667849;36.8212237867824;1.96527229667849;2.2841487762769;14.9030837004405;13.8149779735683;14.9030837004405;12.6299559471366;469.845814977974;373.850220264317;469.845814977974;265.36563876652;1355.94713656388;1179.73568281938;970.044052863436;;
41;60.7297153439153;83.1588148148148;59.9281514705882;73.0808560846561;18.3719608465608;13.0051095238095;17.9175044117647;14.6281534391534;2.00785477188328;36.442245617309;2.06088047727766;2.31114471500009;15.6878306878307;15.4232804232804;15.7794117647059;13.6243386243386;692.883597883598;384.814814814815;692.883597883598;286.121693121693;1307.40740740741;1223.80952380952;1375.66137566138;;
42;60.5273915789474;81.8046215789474;59.916349122807;72.5785773684211;18.4939405263158;12.3390147368421;18.209049122807;13.09786;2.04039764044154;29.1005724935239;2.06429552184978;2.35725364727979;17.3842105263158;16.7947368421053;17.1929824561403;14.9368421052632;867.789473684211;380.452631578947;867.789473684211;282.947368421053;1240;1155.78947368421;1644.73684210526;;
43;59.6437169902913;81.2790315533981;61.161286440678;72.0041194174757;17.418959223301;12.805590776699;18.0542203389831;13.9156470873786;2.07727592635945;31.7961810169231;2.08060148862387;2.33579791799385;18.6650485436893;18.3058252427184;17.135593220339;16.0145631067961;664.077669902913;385.300970873786;664.077669902913;278.800970873786;1246.11650485437;1119.90291262136;1273.30097087379;;
44;59.5540615384615;81.5638201183433;64.0914868421053;71.3344325443787;17.6410041420118;12.938924260355;18.8176105263158;13.9771;2.08734297364429;33.5752953280759;2.05837021993638;2.40396873117792;18.6272189349112;18.2189349112426;15.6315789473684;15.7278106508876;525.449704142012;414.562130177515;525.449704142012;283.905325443787;1275.73964497041;1085.20710059172;931.360946745562;;
45;57.7178006944444;79.47846875;59.4653434782609;69.065225;16.3185861111111;11.0091826388889;16.9023652173913;12.9421152777778;2.10835519714728;36.1782805404418;2.00321027696201;2.41279206038482;20.5416666666667;21.0902777777778;17.9565217391304;18.0694444444444;363.659722222222;423.097222222222;363.659722222222;299.326388888889;1288.88888888889;1132.63888888889;616.666666666667;;
46;58.0564604651163;79.0220736434108;63.785868;67.9149852713178;16.0226224806202;11.0165674418605;16.470272;12.9377387596899;2.12427490983535;30.5533063150966;2.07408666309529;2.46696619763501;21.015503875969;22.015503875969;17.36;18.8062015503876;836.395348837209;455.480620155039;836.395348837209;296.53488372093;1362.01550387597;1103.1007751938;1417.82945736434;;
47;56.7872495412844;77.8840596330275;60.6465777777778;68.0465146788991;17.1847256880734;11.9258862385321;18.7091962962963;12.6788348623853;2.12850588968196;34.599579858824;2.06369152018845;2.39998322812492;23.1192660550459;24.4036697247706;18.4814814814815;20.1559633027523;720.788990825688;460.211009174312;720.788990825688;308.422018348624;1300.91743119266;1134.8623853211;1237.61467889908;;
48;59.2189367088607;79.7914518987342;62.5648230769231;68.2667860759494;17.8579886075949;12.0664632911392;21.8943730769231;13.745170886076;2.02882607527203;38.1494445452998;1.98038061569429;2.45104175274431;21.9113924050633;22.0886075949367;17.8076923076923;18.9746835443038;679.974683544304;445.26582278481;679.974683544304;282.848101265823;1298.73417721519;1008.86075949367;1058.22784810127;;
49;59.8344847058824;79.8974011764706;59.3929933333333;69.4209552941176;17.0130294117647;12.6775164705882;17.4315033333333;14.1471294117647;2.06266375293825;29.9565636196337;1.99446657063464;2.45592630966421;20.5294117647059;20.4352941176471;20.7;17.6;832.44705882353;441.458823529412;832.44705882353;311.364705882353;1336.47058823529;1090.58823529412;1248.23529411765;;
50;57.3082244897959;79.1752163265306;57.5876727272727;69.6824979591837;15.8957755102041;11.9294755102041;17.8014227272727;13.0809489795918;2.11971237518831;45.2324454711539;2.09243940132197;2.44971267042465;22.7959183673469;21.6938775510204;22.1818181818182;19.2244897959184;836.775510204082;496.734693877551;836.775510204082;341.571428571429;1367.34693877551;1161.22448979592;1189.79591836735;;
51;55.2369885714286;77.57848;55.30839;67.1875785714286;16.2276371428571;10.6878985714286;16.701375;11.40059;2.13502270008812;39.8994378808353;2.11392950972804;2.51550390154524;23.2142857142857;23.2142857142857;22.025;19.8142857142857;1093.67142857143;480.014285714286;1093.67142857143;315;1305.71428571429;1027.14285714286;1572.85714285714;;
52;56.5388505882353;77.2542447058824;56.9954509803921;67.7071729411765;15.6136717647059;9.82451647058823;15.2100137254902;11.7902894117647;2.17197974138883;38.5627978171172;2.18811118946031;2.5430652728703;24.7294117647059;26.8470588235294;25.843137254902;20.5882352941176;498.541176470588;473.705882352941;498.541176470588;366.529411764706;1221.17647058824;1156.47058823529;696.470588235294;;
53;56.3400796296297;78.5831101851852;57.2385216666667;66.8328361111111;15.632037962963;11.3316342592593;15.8090566666667;12.3565212962963;2.21497910548984;43.3412105020068;2.21504915862172;2.73613742953078;26.3425925925926;27.3796296296296;27.8333333333333;23.6574074074074;675.361111111111;541.055555555556;675.361111111111;338.407407407407;1391.66666666667;1058.33333333333;935.185185185185;;
54;55.929926923077;75.7074942307692;56.2069666666667;65.4556913461538;14.6072384615385;9.79212884615384;14.9526133333333;10.9475076923077;2.12584139594859;52.0373824762972;2.09996061646865;2.63204842758958;26.1538461538462;30.6923076923077;25.5166666666667;22.8653846153846;783.144230769231;480.990384615385;783.144230769231;347.384615384615;1260.57692307692;1049.03846153846;950.961538461539;;
55;54.3864887931034;74.858322413793;54.8648352941176;63.4676232758621;15.1015551724138;10.1355887931035;15.9703955882353;11.237925;2.26723858465913;35.0118687229696;2.25416876096815;2.50689425599584;27.8448275862069;30.6637931034483;26.7794117647059;25.2241379310345;1131.70689655172;522.98275862069;1131.70689655172;351.818965517241;1291.37931034483;1029.31034482759;1418.96551724138;;
56;53.0674333333333;73.4718166666666;51.221596875;64.4856150793651;13.634623015873;9.62125555555555;13.4169078125;10.4817658730159;2.21892174559432;46.4028354312336;2.26060344417773;2.68389714321911;29.047619047619;33.1666666666667;31.25;25.6507936507937;533.190476190476;528.142857142857;533.190476190476;369.047619047619;1304.7619047619;1110.31746031746;631.746031746032;;
57;52.1971819047619;74.1288257142857;50.1935980769231;63.2873361904762;13.3923885714286;9.90192666666666;11.7224538461538;10.3182885714286;2.27790517347103;49.8522067583442;2.37817955212454;2.70284959301757;29.8952380952381;33.7619047619048;32.6923076923077;25.9047619047619;654.4;554.914285714286;654.4;349.819047619048;1316.19047619048;987.619047619048;778.095238095238;;
58;54.2774933962264;74.0691811320755;55.2514071428571;66.0349386792453;14.6472160377359;9.4908537735849;15.0208023809524;10.6761622641509;2.18034011175338;50.384471186639;2.17017301972034;2.61185333330871;29.0849056603774;32.2169811320755;28.8095238095238;25.5471698113208;887.198113207547;567.556603773585;887.198113207547;395.462264150943;1357.54716981132;1123.58490566038;1016.98113207547;;
59;51.5720592592593;72.4387425925926;50.613875;63.4502935185185;13.9419925925926;9.7934675925926;13.0676145833333;10.1971592592593;2.23418983154963;40.5917954181426;2.26703363651975;2.66835163743847;31.8796296296296;34.7962962962963;31.9166666666667;27.9814814814815;731.62037037037;607.101851851852;731.62037037037;447.194444444444;1430.55555555556;1282.40740740741;786.111111111111;;
60;51.8959642857143;72.1172190476191;51.8959642857143;60.5548896825397;14.052123015873;8.84119206349207;14.052123015873;10.4663912698413;2.2327937757898;47.305129943912;2.2327937757898;2.63310599427122;31.6428571428571;35.6587301587302;31.6428571428571;28.4603174603175;1082.52380952381;593.984126984127;1082.52380952381;359.039682539683;1382.53968253968;1019.04761904762;1207.14285714286;;
61;50.3557320754717;71.0202025157233;50.3557320754717;60.0274842767296;12.0439572327044;8.38502641509434;12.0439572327044;9.68937861635221;2.33305198279618;54.9232731612608;2.33305198279618;2.8821889627996;36.3647798742138;40.5723270440252;36.3647798742138;32.188679245283;694.867924528302;576.251572327044;694.867924528302;407.238993710692;1290.56603773585;1081.1320754717;708.805031446541;;
62;50.5808932885906;70.3347369127517;50.5808932885906;60.2720093959732;12.9422979865772;8.54578523489933;12.9422979865772;9.50562281879195;2.30367895204369;52.2373198123805;2.30367895204369;2.73037665536133;37.3221476510067;45.0805369127517;37.3221476510067;33.2885906040268;586.496644295302;626.630872483221;586.496644295302;430.436241610738;1348.32214765101;1140.26845637584;599.328859060403;;
63;49.8279114754098;68.9878655737705;49.8279114754098;60.852137704918;11.9124065573771;8.50229426229508;11.9124065573771;9.06863360655738;2.32233340779741;47.2349264477032;2.32233340779741;2.82011487216578;37.844262295082;45.516393442623;37.844262295082;33.3524590163934;596.655737704918;627.909836065574;596.655737704918;419.549180327869;1368.03278688525;1050;592.622950819672;;
64;50.4311446280992;71.6148826446281;50.4311446280992;60.5522082644628;13.0997991735537;9.31624214876033;13.0997991735537;10.0025570247934;2.31929426169642;46.403356258461;2.31929426169642;2.70454175189881;36.5702479338843;42.7603305785124;36.5702479338843;32.3471074380165;679.413223140496;626.123966942149;679.413223140496;391.735537190083;1298.34710743802;1008.26446280992;653.719008264463;;
65;49.0744205607476;68.5346887850467;49.0744205607476;60.2703514018692;12.4816813084112;8.03155514018692;12.4816813084112;9.13444018691589;2.31701479982276;45.785924392619;2.31701479982276;2.90806801844893;42.0093457943925;50.588785046729;42.0093457943925;36.5794392523364;699.420560747664;672.738317757009;699.420560747664;456.261682242991;1353.27102803738;1120.56074766355;644.859813084112;;
66;49.4194175257732;67.6994463917526;49.4194175257732;58.2290288659794;12.7802865979381;8.75208350515465;12.7802865979381;9.42130515463918;2.37180039641524;56.3728072110322;2.37180039641524;3.67424695954027;40.8865979381443;51.8865979381443;40.8865979381443;37.0721649484536;686.618556701031;685.876288659794;686.618556701031;406.628865979381;1334.0206185567;981.443298969072;625.773195876289;;
67;50.8160670103093;68.4678628865979;50.8160670103093;61.6004567010309;13.2431432989691;7.80332268041237;13.2431432989691;9.85619690721649;2.37809319483744;53.8174483269197;2.37809319483744;3.07476164049925;40.639175257732;54.1855670103093;40.639175257732;36.7525773195876;1000.38144329897;700.309278350515;1000.38144329897;445.587628865979;1383.50515463918;1053.60824742268;918.556701030928;;
68;49.0696211111111;67.2006611111111;49.0696211111111;57.3100466666667;12.0432055555556;7.39265555555556;12.0432055555556;8.58694444444445;2.36775028364995;46.8623115233583;2.36775028364995;2.84859580835637;41.8;54.2222222222222;41.8;38.3333333333333;634.033333333333;665.766666666667;634.033333333333;435.122222222222;1281.11111111111;1016.66666666667;550;;
69;47.243155;65.397385;47.243155;60.36039625;12.5884525;7.871845;12.5884525;9.3419975;2.362855624761;71.7732234160817;2.362855624761;2.95240787418208;41.925;57.9625;41.925;37.5875;746.75;660.05;746.75;508.35;1262.5;1235;662.5;;
70;46.80958875;66.377065;46.80958875;57.6842125;10.84793125;6.56459125;10.84793125;8.54793375;2.42719727175457;60.0445619553925;2.42719727175457;2.95753289284179;45.275;57.275;45.275;40.325;981.625;772.375;981.625;460.8625;1462.5;1071.25;835;;
71;46.8655640449438;66.3944123595505;46.8655640449438;57.1527730337079;11.8367247191011;7.68610449438202;11.8367247191011;8.94591797752809;2.42022399115526;46.327951931837;2.42022399115526;2.90572713732044;45.7191011235955;58.1460674157303;45.7191011235955;41.4044943820225;1000.22471910112;706.168539325843;1000.22471910112;483.640449438202;1315.73033707865;1035.95505617978;844.943820224719;;
72;47.3106322222222;66.6173922222222;47.3106322222222;55.8858888888889;10.7096177777778;7.28710777777777;10.7096177777778;8.37667444444444;2.42751803165006;54.5617331087984;2.42751803165006;2.84613323906296;44.7333333333333;60.5444444444444;44.7333333333333;40.6333333333333;688.788888888889;826.122222222222;688.788888888889;447.111111111111;1523.33333333333;993.333333333333;573.333333333333;;
73;49.3186423529412;67.25142;49.3186423529412;58.8453752941176;12.9752282352941;7.56176352941176;12.9752282352941;9.08432588235294;2.33480331641333;69.2283706303959;2.33480331641333;2.92770969468316;39.4941176470588;51.4117647058824;39.4941176470588;34.9294117647059;1036.47058823529;647.317647058824;1036.47058823529;413.894117647059;1222.35294117647;964.705882352941;825.882352941176;;
74;45.8964301886793;66.4670113207547;45.8964301886793;57.5102896226415;10.7063518867925;7.02420188679245;10.7063518867925;8.51394528301887;2.38591086099481;63.8462148538905;2.38591086099481;2.88839298359916;45.2547169811321;55.1320754716981;45.2547169811321;41.0188679245283;724.547169811321;730.981132075472;724.547169811321;488.084905660377;1336.79245283019;1100.94339622642;559.433962264151;;
75;43.8294915887851;64.8235887850468;43.8294915887851;56.6119588785047;10.5744887850467;6.4380261682243;10.5744887850467;7.50647196261682;2.40795561690763;59.2065333110261;2.40795561690763;2.99363461601789;51.4392523364486;66.0747663551402;51.4392523364486;46.5607476635514;621.672897196262;821.03738317757;621.672897196262;544.327102803738;1475.70093457944;1155.14018691589;456.07476635514;;
76;42.9078223214286;59.6596178571429;42.9078223214286;53.2977580357143;10.6509696428571;6.50633571428571;10.6509696428571;8.67377410714286;2.47666002057298;56.0500747587226;2.47666002057298;3.07147961899264;55.4910714285714;74.5;55.4910714285714;49.3660714285714;685.071428571429;676.5;685.071428571429;535.848214285714;1174.10714285714;1073.21428571429;503.571428571429;G;
77;44.4814285714285;64.9755613445378;44.4814285714285;55.1489722689075;11.0684420168067;6.86177226890756;11.0684420168067;8.6697781512605;2.43896543031906;62.1807369536765;2.43896543031906;2.9861505724685;50.6302521008403;62.1008403361345;50.6302521008403;44.7142857142857;789.050420168067;754.798319327731;789.050420168067;486.310924369748;1271.42857142857;973.949579831933;567.226890756303;;
78;44.3585933333333;63.58923;44.3585933333333;53.4320491666667;10.5467441666667;6.77775833333333;10.5467441666667;8.10188833333333;2.53756433016381;50.7937316646997;2.53756433016381;3.18604194666141;53.975;71.125;53.975;49.4416666666667;1175.41666666667;862.341666666667;1175.41666666667;491;1462.5;964.166666666667;811.666666666667;;
79;42.6660139784946;59.8121333333333;42.6660139784946;54.6091935483871;9.77976559139785;6.20877204301075;9.77976559139785;7.31596129032258;2.49921862485402;63.1420108386205;2.49921862485402;3.07047674849481;60.0537634408602;85.0967741935484;60.0537634408602;55.7311827956989;862.301075268817;817.827956989247;862.301075268817;611.430107526882;1287.09677419355;1184.94623655914;586.021505376344;;
80;41.7447950980392;58.2599039215686;41.7447950980392;51.6816088235294;9.29812156862745;5.89552549019609;9.29812156862745;7.33045490196079;2.61537493747142;61.7325512598538;2.61537493747142;3.24157117704223;65.5980392156863;87.7745098039216;65.5980392156863;59.2254901960784;914.352941176471;853.078431372549;914.352941176471;582.764705882353;1391.17647058824;1083.33333333333;610.78431372549;;
81;41.718189010989;60.7134483516483;41.6137448717949;52.036143956044;9.51277692307692;6.18731538461539;9.15288974358975;6.68578241758242;2.53713513945466;64.6870745632995;2.54350935872898;3.10662211588563;63.032967032967;85.1428571428571;62.7051282051282;56.7252747252747;1425.9010989011;849.525641025641;1522.70512820513;526.549450549451;1385.71428571429;959.340659340659;917.582417582418;;
82;40.6727795454546;58.3319034090909;40.3206376623377;51.2122329545455;8.81401363636364;5.50287045454546;8.40306753246753;6.65666477272727;2.63100307842839;60.3367760922051;2.63672170065775;3.23996830391594;65.6931818181818;90.0795454545455;66.1688311688312;59.5568181818182;855.045454545455;907.441558441558;832.74025974026;572.602272727273;1405.68181818182;1057.95454545455;546.590909090909;;
83;39.1759465116279;57.3896930232558;38.7884753424658;49.9897709302326;8.47113255813953;4.99198255813954;8.23400958904109;7.07182325581395;2.6387620892139;74.7570124260688;2.64875810321063;3.30485496620435;67.7093023255814;98.8255813953488;68.8356164383562;60.7906976744186;870.03488372093;898.986301369863;901.835616438356;585.662790697674;1339.53488372093;1047.67441860465;532.558139534884;;
84;39.9398256410256;57.9795192307692;40.4168261538462;49.2036653846154;8.29935384615385;4.89769743589744;8.15096153846154;6.17308846153846;2.68904602399836;73.9501923866715;2.67262942103633;3.29367591146384;67.1282051282051;91.525641025641;67.2769230769231;62.8589743589744;745.179487179487;964.753846153846;729.307692307692;563.884615384615;1369.23076923077;1001.28205128205;458.974358974359;;
85;41.0096602739726;58.2798260273973;41.7484888888889;50.9103876712329;9.45679452054795;6.40860136986302;9.76032380952381;6.82614109589041;2.62234814155118;54.9079696235568;2.56917570604512;3.21394153780373;67.9315068493151;89.2054794520548;65.7142857142857;62.3972602739726;906.917808219178;913.222222222222;860.84126984127;563.972602739726;1472.60273972603;1001.3698630137;549.315068493151;;
86;38.7292171428572;56.7441857142857;39.0278962962963;49.88902;7.91701;5.28055857142857;8.21048333333333;5.83968142857143;2.81242636010478;71.4674701702512;2.80353981377936;3.31965353074233;74.0714285714286;101.585714285714;72.962962962963;67.7142857142857;1023.28571428571;925.148148148148;1006.07407407407;573.1;1367.14285714286;941.428571428571;588.571428571429;;
87;37.5462691176471;54.5589882352941;37.9098290322581;48.7762279411765;8.05944705882353;5.07191323529412;8.30341774193549;5.5475705882353;2.77828226209682;54.2919365770925;2.73163215854116;3.33068454633118;75.4705882352941;107.588235294118;73.3387096774194;69.9411764705882;827;936.677419354839;852.693548387097;625.897058823529;1335.29411764706;1072.05882352941;494.117647058824;;
88;39.5131043478261;55.2837927536232;39.8171123076923;50.7502057971015;9.43673188405797;5.95121739130435;9.56255384615385;6.56083043478261;2.65150973015773;72.3932992766444;2.62371519021147;3.1658118790379;72.1739130434783;104.434782608696;71.7230769230769;67.231884057971;894.463768115942;948;880.430769230769;611.840579710145;1331.88405797101;1005.79710144928;524.63768115942;;
89;41.4829483870968;53.9962403225807;42.5020035087719;52.0043306451613;8.99973870967742;6.1388564516129;9.26078596491228;7.11694677419355;2.67732508348634;71.4561938822236;2.61186176829514;3.87331763700248;68.6451612903226;98.8709677419355;66.7017543859649;60.6612903225807;1129.66129032258;787.631578947368;1163.24561403509;643.177419354839;1120.96774193548;1125.8064516129;656.451612903226;;
90;37.5370847457627;54.6410406779661;37.2901454545455;51.5004169491525;8.21934915254237;4.86920338983051;8.15872545454546;5.38172542372881;2.72962294131537;71.2831913359581;2.71285179467141;3.35475471374082;77.6610169491525;116.745762711864;77.5454545454546;70.2881355932203;886.898305084746;1050.2;906.581818181818;716.525423728814;1450.84745762712;1161.01694915254;483.050847457627;;
91;39.867075862069;56.1608482758621;41.2044543478261;50.1354732758621;8.83997068965518;5.33988534482759;9.20402391304348;6.08199913793104;2.69727476052071;56.0285389024269;2.66960604590274;3.15965701392613;74.6551724137931;107.155172413793;73.2717391304348;69.6120689655172;1564.68103448276;908.641304347826;1807.52173913043;636.353448275862;1329.31034482759;1035.34482758621;841.379310344828;;
92;37.0761924369748;54.4650445378151;37.0694061946903;49.5675235294118;7.78771680672269;5.20100336134454;7.88456902654867;6.02326890756303;2.79968390094265;75.5908617806469;2.78957987362963;3.43865359962994;81.6218487394958;115.966386554622;81.7345132743363;74.1008403361345;912.025210084034;961.619469026549;913.566371681416;674.596638655462;1315.12605042017;1068.90756302521;467.226890756303;;
93;38.5260276119403;55.6531529850746;38.5339984962406;50.4726119402985;8.16767985074627;4.67954104477612;8.17966691729323;5.87610149253732;2.75874181887418;70.9664537120268;2.7604398886477;3.29172809278748;78.2238805970149;112.253731343284;78.2932330827068;73.4029850746269;1069.05223880597;1023.06766917293;1067.1954887218;696.507462686567;1455.22388059701;1119.40298507463;533.582089552239;;
94;38.6828188311688;53.9091428571428;38.7286869281046;49.0591987012987;7.79498831168831;4.79073116883117;7.81888235294117;5.85491363636364;2.76969369130758;72.6272948466069;2.76628440029517;3.54094863443499;81.1233766233766;121.551948051948;80.843137254902;76.2532467532468;1060.29220779221;930.398692810457;1056.34640522876;645.805194805195;1281.81818181818;988.311688311688;512.987012987013;;
95;34.4533251798561;48.9509964028777;34.3057654411765;46.9576928057554;7.32631870503598;4.37861798561151;7.34000955882353;5.62987194244604;2.80446585616539;84.5541712806923;2.81288945448854;3.40649286330536;90.431654676259;142.913669064748;90.9705882352941;85.5251798561151;1036.64748201439;843.235294117647;1043.86029411765;673.251798561151;1192.80575539568;1027.3381294964;477.697841726619;;
96;36.5698418918919;53.3879506756757;36.6961631944444;48.3355905405406;7.21917702702703;4.72232972972973;7.15151527777778;5.86106013513513;2.75910027528171;62.0909315338248;2.76457322390899;3.76779775422942;84.3378378378378;122.378378378378;84.2638888888889;76.0067567567568;1024.49324324324;961.763888888889;1028.17361111111;672.527027027027;1322.97297297297;1023.64864864865;502.027027027027;;
97;35.8068769784172;52.1254366906475;35.4520477941176;47.695690647482;7.26110143884892;4.82406906474821;7.29973235294118;5.21158129496403;2.87457109978627;60.1578120238066;2.88478706978484;3.57719101377459;91.3309352517986;140.093525179856;92.1911764705882;84.294964028777;1196.12949640288;951.058823529412;1195.99264705882;715.597122302158;1327.3381294964;1064.74820143885;569.064748201439;;
98;33.1363328671329;50.1349846153846;33.1363328671329;47.8154202797203;6.23498601398601;4.4895;6.23498601398601;4.8808;2.96787209465904;64.7335445218195;2.96787209465904;3.76413471442508;96.5524475524476;142.335664335664;96.5524475524476;90.5384615384615;1129.34265734266;963.468531468532;1129.34265734266;755.524475524476;1291.60839160839;1069.23076923077;523.776223776224;;
99;33.2129576388889;46.8416958333333;33.1408552447553;45.5081048611111;6.488225;4.27674097222222;6.4587972027972;5.15676875;2.86832287092399;74.1504609899931;2.87002543320537;3.60084586007666;101.722222222222;151.902777777778;101.846153846154;94.0555555555556;1034.65277777778;901.13986013986;1038.12587412587;708.993055555556;1177.77777777778;991.666666666667;450;;
100;34.4901892857143;49.5227764285714;0;47.31273;7.23386071428571;4.42383214285714;0;4.847095;2.86220436160709;76.6338050070987;0;3.54271959355234;95.8357142857143;147.685714285714;0;88.6428571428571;1070.82857142857;0;0;741.078571428571;1251.42857142857;1030;480.714285714286;;
;;;;;0;;;;;;0;;;;;;;;;;;;;;
