n;crossing resolution fa;crossing resolution rm;crossing resolution tr;crossing resolution rm5;crossing resolution rm-1;Angular resolution fa;Angular resolution rm;Angular resolution tr;Angular resolution rm5;Angular resolution rm-1;Aspect ratio fa;Aspect ratio rm;Aspect ratio tr;Aspect ratio rm5;Aspect ratio rm-1;Crossing number fa;Crossing number rm;Crossing number tr;Crossing number rm5;Crossing number rm-1;Total Resolution fa;Total Resolution rm;Total Resolution tr;Total Resolution rm5;Total Resolution rm-1;Time fa;Time rm;Time tr;Time rm5;Time rm-1;Iterations rm;Iterations rm-1;Iterations fa
11;62.0633714285714;69.5698428571429;61.2435428571429;68.5167285714286;64.5850714285714;21.7996571428571;39.7224714285714;19.4662;180;29.8722285714286;2.17326781588475;5.19122113304736;1.94281594595673;4.36178042170558;1.88537941836037;5.57142857142857;5.28571428571429;4.71428571428571;4.71428571428571;5.71428571428571;19.5158285714286;39.7224714285714;18.8973428571429;37.5805428571429;29.8722285714286;15.5714285714286;301.285714285714;15.5714285714286;198.857142857143;153.428571428571;900;1300;114.285714285714
12;66.4104;71.3856;68.32625;74.668725;71.261375;23.70015;38.68875;28.604075;180;32.5381;2.06159338872609;6.30273025127621;1.89723853444243;3.65859415067725;1.75942988793642;5.75;4.25;5;3.5;5;22.53795;38.68875;26.466825;40.46395;32.5381;46.5;267.25;15.5;423.25;66.5;800;575;350
13;66.58144;69.41792;70.1107;67.98196;74.3376;27.08518;46.80516;25.75354;180;35.78244;1.89958715912194;8.59849528062496;1.70574324137062;4.3271426990017;1.77531569463154;3.6;4;4;4.2;3.4;26.13192;46.80516;24.3895;42.8793;35.78244;28.4;349.8;34.2;221.4;140.8;1180;1100;300
14;70.1252666666667;64.1368666666667;74.1861666666667;64.3383666666667;65.1138;27.729;44.5064333333333;24.4394666666667;180;33.8106333333333;1.99475787641555;23.05793371184;1.89872759327564;4.86630755434299;1.9023163435617;5.33333333333333;6.66666666666667;4.66666666666667;5;6;27.7283;44.3340333333333;24.4350333333333;40.4614;33.8106333333333;257.666666666667;591.666666666667;25.6666666666667;344.666666666667;104;1566.66666666667;900;1466.66666666667
15;66.04504;66.91652;61.11996;62.98883;67.44494;21.88795;37.42507;16.74055;180;33.42754;2.14028645133105;9.61799802155139;2.05392884259245;4.18259210325476;1.9392329162644;5;6.5;5.8;6.3;5.4;19.72696;37.39817;16.73137;33.48971;33.42754;38.1;477.7;80.8;173.7;157.2;1310;1210;240
16;62.1788636363636;66.1180545454545;56.8849545454546;61.4851454545455;63.8164545454545;23.9828272727273;43.4073909090909;18.2073181818182;180;32.6458272727273;2.08517113377827;15.6304291216874;2.11804726375955;4.23931515255358;1.97932356363768;5.18181818181818;7;6.09090909090909;6.63636363636364;5.45454545454545;23.5019181818182;43.4073909090909;17.2352272727273;43.1132454545454;32.6458272727273;301.272727272727;491.909090909091;37.2727272727273;351.454545454545;124.454545454545;1527.27272727273;1000;1972.72727272727
17;63.3344666666667;63.4004444444444;67.1102;62.0955;67.8806111111111;24.1267444444444;41.0871;20.3497222222222;180;32.0917111111111;1.89973742611986;20.0493489451968;1.94720982734262;4.34181146398533;1.80888075116753;6.11111111111111;8.33333333333333;6.66666666666667;7.88888888888889;6;22.5358777777778;41.0803777777778;19.5947333333333;39.4254555555556;32.0917111111111;143;476.444444444445;43.4444444444444;323.666666666667;134.888888888889;1388.88888888889;1088.88888888889;911.111111111111
18;67.5997307692308;65.3727384615385;61.4379461538462;67.3750769230769;68.3842230769231;23.1111;41.4145846153846;20.4308461538462;180;34.7079307692308;1.99577721987729;15.9152143381889;1.96296349355697;4.43914317978871;1.86589927059263;4.61538461538462;6;4.69230769230769;6.53846153846154;4.76923076923077;22.4793692307692;41.4145846153846;20.3482846153846;36.7877923076923;34.6933307692308;72.9230769230769;458.153846153846;115.692307692308;228.615384615385;181;1238.46153846154;1376.92307692308;384.615384615385
19;57.1464823529412;61.2940705882353;55.9656882352941;57.7389647058824;61.7813058823529;23.7982470588235;42.3397117647059;19.7861882352941;180;31.3641411764706;2.07756612281939;19.0584310754086;2.06923366289727;4.22786543625171;1.84243100308044;7.35294117647059;9.17647058823529;7.70588235294118;8.94117647058824;7.11764705882353;22.3378823529412;42.2928764705882;19.0250176470588;35.4881;31.3623470588235;42.2352941176471;544.352941176471;33.3529411764706;210.705882352941;127.352941176471;1541.17647058824;923.529411764706;205.882352941176
20;60.616375;63.1658083333333;66.8255833333333;61.30925;59.607275;27.4520666666667;46.536;23.2892583333333;180;30.3167416666667;2.0874921425732;26.8199435059048;2.0580423005411;4.55417270953396;1.85578161291707;5.66666666666667;6.41666666666667;4.83333333333333;6.5;5.41666666666667;25.857075;46.5014416666667;21.688775;43.2367833333333;29.1243916666667;23.6666666666667;421.75;80.5;120.75;101.416666666667;1266.66666666667;841.666666666667;108.333333333333
21;61.0963173913044;63.6271304347826;61.7550739130435;59.4395347826087;65.3371260869565;24.5834608695652;41.5697956521739;20.1557130434783;180;35.5899782608696;2.05572877666394;13.0642868080261;2.08046239866955;4.53628241201899;1.86607578159458;7.73913043478261;9.47826086956522;8.26086956521739;9.65217391304348;7.43478260869565;23.3752130434783;41.5517695652174;19.0403652173913;35.3221260869565;35.5899782608696;58.9565217391304;627.478260869565;167.95652173913;200.130434782609;192.739130434783;1347.82608695652;921.739130434783;269.565217391304
22;57.8106470588235;60.8372235294118;57.9842529411765;54.6142941176471;62.6249529411765;22.1553941176471;42.5551823529412;17.7548117647059;180;32.1695823529412;2.08756554030934;27.8579928977398;2.18066852865418;4.39998224090834;1.95210767594081;7.29411764705882;8.76470588235294;6.88235294117647;8.05882352941176;7.29411764705882;20.5241235294118;42.5551823529412;16.8903588235294;34.7207470588235;31.3869882352941;52.6470588235294;525.647058823529;93.5882352941177;201.529411764706;168.529411764706;1100;935.294117647059;211.764705882353
23;57.4935714285714;60.3398642857143;54.2739428571429;49.7312642857143;59.9781214285714;21.1028428571429;41.8088714285714;16.7124714285714;180;30.5619714285714;2.19212231993283;19.5899330321051;2.21932725304891;4.44363279836614;2.10223627037674;7.21428571428571;8.42857142857143;7.71428571428571;10.0714285714286;7.14285714285714;19.3487785714286;41.7835142857143;15.8334357142857;35.3538214285714;30.4228642857143;85;746.857142857143;27.2857142857143;252;186;1757.14285714286;950;328.571428571429
24;55.8159;59.6597666666667;51.3464555555556;52.8820444444444;56.7283444444444;22.9170111111111;37.9878;14.9155888888889;180;29.1766222222222;2.04281610996266;13.878408281422;2.02770923514612;4.26470272689281;2.00414199230875;8.11111111111111;10;8.88888888888889;8.88888888888889;8.22222222222222;21.4949888888889;37.9878;13.9832222222222;35.6359555555556;28.6314777777778;441.111111111111;633.888888888889;331.666666666667;237.888888888889;123.111111111111;1255.55555555556;511.111111111111;1477.77777777778
25;51.9661909090909;53.5507454545455;49.3850818181818;51.4273181818182;57.1740090909091;22.9064545454545;39.8202181818182;15.1661636363636;180;30.6420545454545;2.3112947688432;38.1265376512268;2.32619385913136;4.73974607596496;2.30362239017521;8.45454545454546;12.4545454545455;10.8181818181818;10.2727272727273;9.54545454545455;22.5954454545454;39.8202181818182;14.7722636363636;32.9928454545455;30.4525454545455;472.636363636364;711.818181818182;51.2727272727273;211.363636363636;245.181818181818;1672.72727272727;1200;1654.54545454545
26;59.2550333333333;60.41805;54.4217611111111;56.8495555555556;59.9660944444445;24.8883833333333;42.5334166666667;17.3627166666667;180;31.9522055555556;2.19548527240749;16.7436253187076;2.0411486753208;4.73898922266527;1.98613512478204;7.88888888888889;10.0555555555556;9.66666666666667;9.22222222222222;8.33333333333333;24.1832222222222;42.1922277777778;16.5651722222222;34.3705666666667;31.9462555555555;94.0555555555556;585.166666666667;58.1666666666667;191.444444444444;204.944444444444;1355.55555555556;916.666666666667;366.666666666667
27;65.1121294117647;65.0085117647059;60.3459235294118;61.3343352941177;67.7567352941176;26.2270176470588;46.7674705882353;21.7277294117647;180;35.0571470588235;2.09422731846866;20.5698592599773;1.90523328150093;4.62098440800154;1.90305799751218;6.05882352941176;8.47058823529412;6.94117647058824;7.70588235294118;6;24.7082823529412;46.7134470588235;20.7861588235294;39.9561529411765;34.9514882352941;77.4117647058823;510.117647058824;118.823529411765;186.941176470588;160.588235294118;1158.82352941176;682.352941176471;247.058823529412
28;63.6027866666667;62.4122933333333;61.0918866666667;54.5538933333333;63.5004866666667;25.4812333333333;46.05446;19.5398466666667;180;34.1163533333333;2.11785123172211;19.3970124930114;1.95264245771053;4.42349917191746;2.06403687901216;7.8;8.2;8.26666666666667;10.9333333333333;8.6;24.9190533333333;46.03244;19.3743533333333;36.7556733333333;33.9839466666667;154.333333333333;584.6;240.8;205.333333333333;189.4;1233.33333333333;800;460
29;55.4725047619048;56.8219666666667;50.3412571428571;53.5246333333333;55.7468952380952;25.1635619047619;43.1531285714286;18.768619047619;180;30.9661809523809;2.11159580258264;24.3555968416702;2.13876447795475;4.72982875316725;2.09333504169198;8;13.047619047619;9.23809523809524;9.38095238095238;8.61904761904762;24.4148666666667;43.0624666666667;16.5635523809524;33.9451619047619;30.7821523809524;152.095238095238;615.190476190476;120;252.809523809524;176.047619047619;1252.38095238095;638.095238095238;442.857142857143
30;59.2010736842105;59.4561157894737;55.3145894736842;49.8884947368421;57.5495052631579;24.9222947368421;45.4257684210526;18.2018157894737;180;34.8355736842105;2.15533255043553;20.6967649081413;1.93599698785942;4.75746795261071;2.06689362824473;8.89473684210526;9.89473684210526;10.6842105263158;11.5789473684211;8.31578947368421;23.8695368421053;45.2254368421053;15.9625;32.1426578947369;33.8158052631579;141.578947368421;657;229.78947368421;170.789473684211;205.947368421053;1236.84210526316;868.421052631579;373.684210526316
31;57.7361714285714;56.3133904761905;51.8881380952381;50.9125047619048;56.7350047619048;26.0963238095238;41.4303714285714;18.2961571428571;180;30.5449333333333;2.14232533928396;23.9106237344191;2.0789030410673;4.56304297072066;2.07377632995294;9.33333333333333;15.5238095238095;11.1904761904762;12.4761904761905;9.90476190476191;25.6418857142857;41.3963380952381;17.1472333333333;36.8194380952381;29.9447476190476;196.380952380952;599.714285714286;78.1904761904762;210.761904761905;167.142857142857;1233.33333333333;676.190476190476;557.142857142857
32;61.5830166666667;64.5363857142857;55.0978976190476;60.3351428571428;62.1462333333333;31.5328642857143;50.2632071428571;23.2429;180;36.9621285714286;2.01714890164739;24.7905856921134;2.19647351590656;4.38483412055696;1.95147510661418;7.16666666666667;9.42857142857143;7.73809523809524;8.45238095238095;7.26190476190476;30.7291857142857;50.1802119047619;22.3496095238095;38.9235523809524;36.5476595238095;300.047619047619;529.904761904762;19.6428571428571;185.452380952381;167.880952380952;1102.38095238095;654.761904761905;790.476190476191
33;57.4851018867925;59.7365396226415;53.7782849056604;54.4709283018868;56.8858094339623;27.2411150943396;45.7338528301887;20.5598396226415;180;33.917579245283;2.11194999834443;21.6238481924423;2.16546189800793;4.77975162336014;2.38313715034966;9.0377358490566;12.6981132075472;10.6037735849057;11.6037735849057;9.33962264150943;26.2733849056604;45.7144471698113;19.7039547169811;37.6686132075472;33.2111811320755;217.849056603774;650.622641509434;153.943396226415;240.11320754717;198.396226415094;1245.28301886792;733.962264150943;539.622641509434
34;61.6386193548387;63.3183322580645;55.3319548387097;55.3241806451613;58.9254645161291;28.8891032258065;48.3849887096774;21.2351774193548;180;34.5612870967742;2.06265818177296;24.0786197517014;2.25358805852963;4.75887473783795;2.13017868925498;7.38709677419355;8.59677419354839;8.2258064516129;9.20967741935484;7.88709677419355;28.3198838709677;48.3270048387097;20.2236741935484;37.2295838709677;33.1767935483871;324.822580645161;630.5;67.1612903225806;223.145161290323;187.854838709677;1219.35483870968;648.387096774194;775.806451612903
35;57.7747483870968;57.7820580645162;51.1850763440861;51.5234247311828;54.714235483871;26.7173838709677;46.0691698924731;19.3877440860215;180;34.329676344086;2.17664060571405;36.7115068134484;2.20197787256299;4.63793741481163;2.20218685159657;9.40860215053763;12.6989247311828;11.4623655913979;12.7096774193548;9.83870967741935;26.045311827957;46.0002473118279;18.3263924731183;34.6704150537634;33.2667344086021;289.086021505376;687.655913978495;137.021505376344;232.741935483871;203.817204301075;1229.03225806452;709.677419354839;689.247311827957
36;56.1434793103448;59.3240942528736;49.7102614942529;51.7073942528736;55.1374833333333;25.5502609195402;45.3909270114942;17.9911057471264;183.103448275862;32.5162126436782;2.14111233148478;31.0905723893954;2.19631623408452;4.85818960808758;2.1957332552245;10.1551724137931;13.6264367816092;11.5229885057471;12.1954022988506;10.3908045977012;24.5886362068965;45.3502597701149;16.8593534482759;35.0506097701149;31.9053172413793;215.902298850575;674.074712643678;130.626436781609;220.126436781609;196.241379310345;1206.89655172414;650.574712643678;505.747126436782
37;52.9016567839196;56.0999753768844;50.0737286432161;47.5550457286432;52.0590909547739;25.2647623115578;43.2409889447236;17.4514889447236;180;31.427232160804;2.16758701498561;27.1416586839366;2.17989675768059;4.99616588464638;2.2618332626765;11.3417085427136;15.4673366834171;13.7939698492462;14.5376884422111;11.9045226130653;24.3225135678392;43.2054738693468;16.093275879397;33.881816080402;30.2651718592965;263.603015075377;700.683417085427;168.969849246231;235.316582914573;208.120603015075;1221.10552763819;656.281407035176;555.778894472362
38;52.6934828703704;54.5994666666667;47.0306402777778;47.8483018518519;50.1477842592593;24.0170435185185;43.2789402777778;17.5696972222222;180;30.9890518518519;2.1500427867408;28.6268328560038;2.22732817059064;4.71719720060065;2.25688838024493;12.337962962963;16.5648148148148;14.6018518518519;15.1666666666667;12.5740740740741;22.9760662037037;43.2180842592593;16.085975;32.5114157407408;29.9926351851852;261.013888888889;760.328703703704;96.6666666666667;220.615740740741;207.074074074074;1288.88888888889;586.574074074074;549.537037037037
39;49.0437725868726;51.1477988416988;44.8700845559846;44.2027868725869;47.5512177606177;23.0613061776062;40.3396571428571;16.4040335907336;180;29.9886953667954;2.22290049831699;26.0173548016795;2.23400720507766;4.72208186371986;2.31567123466899;14.4208494208494;19.9266409266409;17.3320463320463;18.4671814671815;14.8532818532819;22.2010652509653;40.2668714285714;14.6692351351351;30.1782845559846;28.8253420849421;289.69111969112;752.621621621622;146.030888030888;221.992277992278;217.416988416988;1183.39768339768;605.405405405405;576.447876447876
40;49.4365052863436;51.748373568282;44.7853581497797;43.581104845815;47.2850414096916;22.7536471365639;41.2499066079296;15.765591629956;180;30.1396365638766;2.20952643361024;29.7589484256399;2.24548991602237;4.90150991456278;2.39820560113723;14.5242290748899;19.1453744493392;18.0440528634361;18.2422907488987;15.0440528634361;21.7100414096916;41.1793110132159;14.0812198237886;30.5858806167401;28.9367189427313;293.013215859031;803.95154185022;194.837004405286;243.246696035242;229.022026431718;1262.99559471366;628.193832599119;570.484581497797
41;47.4567867724868;50.7166825396825;43.1514871428571;42.6704026455026;46.1849777777778;22.4957259259259;40.4171756613757;14.9022271428571;180;29.5530592592593;2.2383860893953;31.387065759723;2.2754422745647;4.80183189501597;2.39026964672117;15.5132275132275;22.4603174603175;18.8285714285714;18.6613756613757;15.8888888888889;21.4245380952381;40.3715031746032;13.8737158730159;29.1248470899471;27.882698941799;309.650793650794;837.608465608466;146.968253968254;230.756613756614;248.26455026455;1300;647.089947089947;570.899470899471
42;47.7053821052631;49.3209205263158;43.6878716666667;41.7268847368421;45.0548268421053;21.115502631579;38.361042631579;13.38615;180;27.8972431578947;2.25496480819338;30.8210045178328;2.46343860135676;4.86184034260887;2.43840162342953;17.3578947368421;23.5736842105263;21.6333333333333;21.4578947368421;17.8526315789474;20.5060368421053;38.2314384210526;12.97901;28.5918315789474;26.4923094736842;294.842105263158;801.468421052632;149.652631578947;247.978947368421;243.1;1206.31578947368;631.578947368421;536.315789473684
43;47.8910398058252;48.7472776699029;47.4915809523809;41.6180830097088;45.3531873786408;22.6574883495146;38.0942844660194;15.3646444444444;180;28.6703689320389;2.25217164967322;29.7962066957932;2.40200861402329;4.83057249204666;2.51004035138759;17.7572815533981;27.495145631068;20.952380952381;22.7621359223301;19.131067961165;21.9269266990291;37.8720495145631;13.7605058252427;27.2794932038835;27.455468446602;408.364077669903;792.936893203884;163.728155339806;235.868932038835;249.902912621359;1186.8932038835;658.252427184466;700
44;47.236798816568;48.1936739644971;46.6837;41.2015585798816;45.6444982248521;21.9510343195266;38.0095650887574;15.6219205128205;180;28.0348662721893;2.24569667649212;31.4192088828237;2.23265719787347;4.97175018515713;2.45295107025566;18.2366863905325;27.8461538461538;18.0512820512821;22.3609467455621;18.9289940828402;20.9496822485207;37.9377065088757;13.5467426035503;27.6147532544379;26.6757207100592;346.272189349112;847.278106508876;213.497041420118;257.89349112426;231.538461538462;1192.89940828402;591.12426035503;569.230769230769
45;45.2919354166667;46.1523145833333;39.443348;39.0058020833333;42.8852166666667;20.7178701388889;36.16778125;15.02502;180;28.0951708333333;2.34287922992288;26.2941682227674;2.2570294362954;4.83141985248496;2.56203171494914;20.4027777777778;30.0069444444444;23.48;24.7152777777778;21.1597222222222;20.0427680555556;36.0758527777778;12.7074381944444;26.8018666666667;25.9320486111111;274.916666666667;760.576388888889;225.694444444444;260.756944444444;249.840277777778;1067.36111111111;602.083333333333;442.361111111111
46;43.5099139534884;46.3766255813954;45.880816;37.6361108527132;42.2428759689923;19.9198069767442;36.463780620155;13.833568;180;26.9616170542636;2.34526120805748;30.6754644474632;2.28398663086256;4.95356744010002;2.63168348642292;20.968992248062;31;21.8;25.8527131782946;21.8759689922481;19.0051488372093;36.3768286821705;12.1271069767442;25.3260930232558;25.1991837209302;325.759689922481;868.372093023256;216.062015503876;245.007751937984;246.31007751938;1207.7519379845;540.31007751938;510.077519379845
47;44.3623183486239;46.0912605504587;42.3524214285714;37.9938706422018;41.2420981651376;19.9695669724771;37.3599605504587;16.5245428571429;180;26.1815293577982;2.27526326900274;28.576611995788;2.24050090264799;4.73961163053569;2.72776660436014;22.5229357798165;31.4862385321101;23.8928571428571;28.1651376146789;23.1559633027523;19.0142513761468;37.2541587155963;12.9537293577982;25.3475733944954;24.5391733944954;366.550458715596;863.467889908257;200.284403669725;256.009174311927;222.256880733945;1181.65137614679;527.522935779817;542.201834862385
48;44.8408569620253;48.0554696202532;48.7254846153846;38.9435911392405;41.5907215189874;22.5630721518987;39.3672632911392;16.3094807692308;180;27.7724974683544;2.25959266429546;32.2752674188251;2.20592531822744;4.82501120154339;2.55163968558418;21.2405063291139;31;22.7692307692308;25.506329113924;22.1772151898734;21.6440139240506;39.2721050632911;13.4103987341772;27.9501873417722;26.1358481012658;293.696202531646;915.177215189874;214.291139240506;286.177215189873;277.06329113924;1344.30379746835;653.164556962025;420.253164556962
49;44.1395823529412;47.2866141176471;42.4773257142857;40.0071270588235;41.9777670588235;22.4877494117647;39.0746835294118;13.9981028571429;180;27.5578552941176;2.24143337776486;30.3837294937113;2.29806591920924;4.69527353125294;2.53242277974166;20.0588235294118;30.1058823529412;22.7714285714286;26.0352941176471;20.8235294117647;21.5668988235294;38.9375929411765;12.4125352941177;27.2784882352941;24.5713494117647;300.964705882353;906.788235294118;180.011764705882;279.458823529412;246.364705882353;1235.29411764706;540;422.352941176471
50;43.0900836734694;43.7759387755102;37.59566;35.9956897959184;40.7787632653061;20.1662408163265;35.0709755102041;15.131484;180;26.2296979591837;2.2561542847117;39.2742869250683;2.41774481644693;4.91819949601068;2.56251638909351;21.8163265306122;31.4081632653061;26.24;27.0612244897959;23.9387755102041;19.0404387755102;34.686887755102;12.3986530612245;25.3486693877551;24.6016040816326;459.857142857143;955.65306122449;173.510204081633;239.34693877551;251.142857142857;1306.12244897959;500;614.285714285714
51;41.5462471428571;44.6528928571429;38.907452173913;36.7978128571429;39.4692185714286;20.9497185714286;37.2830457142857;13.9047608695652;180;25.8509285714286;2.33047790453997;40.9438582905807;2.39992211229386;4.71905820045753;2.69478745000219;22.5857142857143;32.0285714285714;24.6304347826087;28.6142857142857;22.8714285714286;20.2504214285714;37.2449557142857;12.3746928571429;24.8769342857143;23.8751128571428;335.885714285714;979.314285714286;210.585714285714;261.057142857143;266.285714285714;1258.57142857143;567.142857142857;451.428571428571
52;42.9513847058824;44.3951917647059;38.6209101694915;36.19232;38.6154317647059;20.1312858823529;35.7373058823529;12.9597830508475;180;26.2564235294118;2.2942392633772;32.6902809072257;2.57886135727095;5.02559226102254;2.8269944154339;23.9764705882353;38.2235294117647;30.9830508474576;29.0588235294118;25.1764705882353;19.1482835294118;35.6396094117647;12.3729011764706;24.8132894117647;24.1440435294118;336.294117647059;921.105882352941;185.435294117647;247.105882352941;262.423529411765;1138.82352941176;521.176470588235;424.705882352941
53;42.4272462962963;44.8476574074074;39.8663875;35.9903231481481;40.0782916666667;20.0685916666667;36.1530537037037;13.6645675;180;24.9635222222222;2.3186732963158;36.5887003224283;2.39077761823899;5.05134090322678;2.70989074479318;26.3796296296296;39.712962962963;32.5125;33.3518518518519;27.037037037037;19.0071981481482;36.0414564814815;12.0333268518519;24.1452527777778;23.3148148148148;435.601851851852;970.981481481481;268.074074074074;254.833333333333;251.037037037037;1225.92592592593;492.592592592593;560.185185185185
54;41.6112201923077;43.6610673076923;40.3998594202899;35.1188817307692;38.6066173076923;19.8567692307692;35.5783442307692;13.7969289855072;180;24.7684144230769;2.40269802875993;35.8019181600179;2.38223690732158;4.95996681297916;2.68718322790409;25.5384615384615;42.7211538461538;30.9420289855072;31.0096153846154;26.4807692307692;19.1729028846154;35.5145971153846;12.0884048076923;23.4908153846154;22.7897865384615;485.403846153846;1021.20192307692;207.471153846154;241.951923076923;216.182692307692;1219.23076923077;413.461538461538;588.461538461538
55;40.5285318965517;42.4959448275862;36.7707470588235;32.9788706896552;35.1019086206896;19.3139034482759;34.7006732758621;13.8054305882353;180;24.2108344827586;2.42468183866435;41.9042699420985;2.50938368361038;4.80375504587929;2.72358448479811;27.3706896551724;45.4913793103448;32.1764705882353;33.448275862069;28.8448275862069;18.7049224137931;34.6372344827586;11.8761129310345;22.5998577586207;22.1016146551724;484.620689655172;1102.77586206897;136.73275862069;258.318965517241;246.896551724138;1364.65517241379;443.103448275862;568.965517241379
56;39.9806888888889;40.8582587301587;38.9371904761905;34.1455833333333;37.8369325396826;18.074246031746;32.8317166666667;10.9121011904762;180;24.6373428571429;2.36244897639285;34.6112635705094;2.46105906606769;4.76331187097867;2.90377606330668;28.8650793650794;46.5555555555556;38.9047619047619;34.6746031746032;29.7301587301587;17.3789674603175;32.6487595238095;10.0780293650794;23.0360531746032;23.1333952380952;365.769841269841;1014.66666666667;294.531746031746;281.730158730159;306.738095238095;1224.60317460317;550;430.15873015873
57;40.5894247619048;40.5762866666667;36.4591924242424;32.3355761904762;35.3031733333333;18.6532304761905;33.5834685714286;11.8643393939394;180;24.26538;2.40183481077149;36.175038716611;2.41959826258476;5.22220981858951;2.91612079286114;28.6952380952381;48.152380952381;36.6060606060606;36.4666666666667;30.6952380952381;17.7161085714286;33.2596419047619;10.29454;22.1080180952381;21.7952238095238;350.885714285714;1029.14285714286;252.380952380952;260.847619047619;280.419047619048;1211.42857142857;468.571428571429;385.714285714286
58;40.150679245283;40.8318660377359;39.1335346666667;33.2720575471698;36.4499084905661;19.0426764150943;33.6399952830189;12.6185866666667;180;24.7622216981132;2.35010734131373;38.3449176684028;2.34766521195755;4.87865043157717;2.77585767109637;29.188679245283;49.6320754716981;36.92;34.8490566037736;29.6320754716981;18.3629481132076;33.4141783018868;10.8732669811321;22.9305924528302;22.6110066037736;372.792452830189;1058.2358490566;342.915094339623;260.867924528302;291.509433962264;1204.71698113208;519.811320754717;401.88679245283
59;38.4576046296296;39.9564953703704;36.7062861538461;30.776687962963;33.9320055555556;18.1805962962963;33.0223972222222;11.4804369230769;180;24.0417703703704;2.37144779840006;37.2810470848315;2.45653486895058;5.02454621246419;2.84463472312011;31.4351851851852;49.9259259259259;40.6307692307692;37.5185185185185;32.5925925925926;17.4872490740741;32.8332268518518;9.9502537037037;21.5150398148148;21.593312037037;434.148148148148;1012.31481481481;279.148148148148;274.527777777778;285.916666666667;1196.2962962963;472.222222222222;459.259259259259
60;38.4431015873016;39.354273015873;36.8681079365079;31.2178571428571;34.6996119047619;18.6901817460318;32.3283706349206;11.704326984127;180;22.4576095238095;2.43293999354196;37.3160411689687;2.49520704008253;5.00964015020061;2.83411803529578;31.4761904761905;51.0873015873016;39.7539682539683;37.3174603174603;32.9523809523809;17.7930261904762;32.1713365079365;10.5835119047619;21.8028507936508;20.9432087301587;498.81746031746;1023.99206349206;319.555555555556;299.142857142857;306.492063492063;1146.03174603175;525.396825396825;511.904761904762
61;37.5409981132075;37.7858937106918;35.669406918239;31.1920823899371;33.9463075471698;17.4694257861635;31.1234798742138;10.2239867924528;180;22.9280955974843;2.47512691469283;36.7235784607197;2.47707870173776;4.91839846284308;2.89978885556684;36.062893081761;58.9245283018868;48.1698113207547;43.7610062893082;36.8364779874214;16.6297062893082;30.8489176100629;8.96148490566037;21.050693081761;21.2109867924528;483.194968553459;1061.25786163522;337.735849056604;294.364779874214;281.962264150943;1115.72327044025;457.861635220126;492.452830188679
62;36.3085899328859;37.2937483221476;34.3681852348993;29.1988476510067;31.4173993288591;16.7100255033557;30.3529825503356;10.6225899328859;180;21.4697966442953;2.46992685774673;41.768412976275;2.56184532504451;5.05665032238133;2.95808496333263;36.1946308724832;61.0939597315436;50.3758389261745;45.4630872483221;38.6912751677852;15.9949375838926;30.2016657718121;9.42735503355705;20.0618751677852;19.6017697986577;948.657718120805;1022.18791946309;353.308724832215;306.657718120805;299.308724832215;1084.56375838926;471.140939597315;946.308724832215
63;35.4252663934426;37.9031098360656;35.758762295082;29.3697286885246;31.6058532786885;16.7916237704918;30.8764598360656;10.7574852459016;180;22.3782180327869;2.42749887567631;42.9705072395048;2.47788401283553;5.0350379869337;2.9309874101677;37.2459016393443;61.4590163934426;47.4590163934426;44.0409836065574;39.1803278688525;15.9217557377049;30.5221663934426;9.46718278688524;19.4679073770492;19.9947721311475;424.450819672131;1116.53278688525;406.131147540984;265.418032786885;298.852459016393;1218.85245901639;458.196721311475;412.295081967213
64;36.2156859504132;39.0195975206612;35.5357760330578;30.6822570247934;33.4413280991736;17.5155214876033;31.8970404958678;11.8773504132231;180;23.3557785123967;2.40898923922654;43.2419376468955;2.49339044439531;4.74113473386637;2.94168895227377;36.5702479338843;56.0495867768595;45.5950413223141;42.8099173553719;37.8760330578512;16.3615867768595;31.6355165289256;10.4152008264463;20.6153991735537;21.4433330578512;452.371900826446;979.314049586777;323.925619834711;279.884297520661;294.611570247934;1019.00826446281;471.074380165289;424.793388429752
65;35.6856551401869;36.6807009345794;32.9673056074766;28.6436158878505;32.0103981308411;16.847361682243;30.2399355140187;10.9585439252336;180;21.2775411214953;2.53963905354464;37.4633421940767;2.65576735899024;5.10449631822283;3.08000331591516;40.8691588785047;68.7196261682243;54.2523364485981;48.8691588785047;42.0467289719626;15.9708542056075;29.965223364486;9.44881775700935;19.3370280373832;19.9082775700935;538.383177570094;1114.7476635514;349.570093457944;300.485981308411;289.093457943925;1128.03738317757;441.121495327103;492.523364485981
66;35.757281443299;37.9093113402062;33.7817;29.206318556701;32.4815402061856;17.8671680412371;32.027187628866;11.4524793814433;180;23.504712371134;2.47948771698326;34.2362469153211;2.59316110357197;4.83591378416053;3.05359237695678;40.979381443299;68.2577319587629;54.7319587628866;48.0515463917526;42.0412371134021;16.9982288659794;31.8129463917526;10.2083907216495;19.5207979381443;20.9430494845361;532.154639175258;1199.64948453608;334.773195876289;267.680412371134;317.360824742268;1242.26804123711;472.164948453608;479.381443298969
67;36.3875463917526;37.2958103092784;34.7960762886598;29.0498319587629;32.2544927835052;18.3131195876289;30.6108113402062;11.4039;180;23.6046257731959;2.42152948149354;43.7624273333459;2.51014934397787;5.1185419972801;2.97086328885923;41.5979381443299;67.639175257732;52.8453608247423;48.9072164948454;42.0824742268041;17.4051257731959;30.3800134020619;9.94077422680413;19.3937958762887;21.2788515463918;1108.38144329897;1153.64948453608;366.40206185567;283.237113402062;336.783505154639;1169.07216494845;477.319587628866;976.288659793814
68;34.1701144444444;35.8007822222222;34.57172;27.7992044444445;30.7959355555556;17.4874255555556;29.56316;10.5733055555556;180;21.62323;2.50919181446906;41.1256771501112;2.57705811748487;4.94923628937819;3.04174212980655;42.1666666666667;68.9888888888889;55.2444444444445;50.9;42.9555555555556;16.5091966666667;29.3070533333333;9.02209888888889;18.8158277777778;19.7384422222222;609.377777777778;1143.76666666667;355.855555555556;296.233333333333;323.966666666667;1161.11111111111;483.333333333333;522.222222222222
69;33.735155;35.6588975;33.19152375;27.71066625;31.43357125;17.38752625;30.13491125;10.80413375;180;21.56355375;2.45834888906126;36.0242989654266;2.7442754958553;4.91705460313704;3.08616040786704;42.35;69.1875;58.525;49.5;42.975;16.3711175;30.019455;9.86432625;19.0534075;19.6220725;492.675;1184.475;405.7875;313.4625;317.325;1215;436.25;413.75
70;32.71488125;34.0081625;35.46990125;28.6143775;30.258125;15.909065;26.5918275;10.5436425;180;20.784805;2.55294217350959;36.1285251891129;2.50685636769929;4.92950841542848;3.04464304207825;45.375;83.4125;59.55;52.2625;47;14.8116875;26.2389875;9.45927375;19.62947625;18.538075;636.7375;1005.475;413.325;287.8125;312.7;987.5;448.75;505
71;33.8999269662921;34.9999449438202;33.9732640449438;25.5917505617978;27.9018337078652;16.7218123595506;29.9888404494382;11.1010258426966;180;21.8442348314607;2.53367614619681;46.8367131287644;2.51611454544862;5.0724290618284;3.13864226412844;45.0898876404494;79.3707865168539;58.5730337078652;56.9325842696629;45.9438202247191;15.9810325842697;29.7414303370787;9.52599550561797;17.3669370786517;18.8916359550562;616.325842696629;1197.61797752809;441.325842696629;242.112359550562;310.202247191011;1156.1797752809;400;479.775280898876
72;32.9329455555556;34.2689611111111;31.3556066666667;26.8141577777778;30.2436133333333;16.6679277777778;27.0735211111111;10.5255833333333;180;21.2102511111111;2.60069194735016;41.8507167476067;2.68493063877076;5.46215959587928;3.10739479979356;44.7222222222222;77.9;57.9333333333333;54.6222222222222;46.1666666666667;16.0832388888889;26.9027788888889;9.12959222222222;18.3460188888889;19.1628722222222;744.366666666667;1048.21111111111;339.388888888889;285.6;328.311111111111;964.444444444444;444.444444444444;568.888888888889
73;35.1257164705882;36.7465988235294;34.5693435294118;28.3850623529412;29.9867941176471;17.5926517647059;30.7607035294118;11.1863517647059;180;21.5472552941176;2.46682017128069;38.8646106063653;2.41707636019376;4.75643565523767;3.13744480553635;38.2705882352941;69.4705882352941;51.4;47.3764705882353;40.7294117647059;16.5631682352941;30.6066247058824;9.53661647058824;19.8318129411765;19.7000376470588;693;1216.89411764706;419.282352941177;325.294117647059;315.094117647059;1147.05882352941;456.470588235294;530.588235294118
74;31.2048943396226;34.689;31.8536981132076;26.24615;28.7939358490566;16.1770367924528;29.3793358490566;10.6262839622642;180;21.0816896226415;2.46283066189595;45.6195581666645;2.46325811195773;5.10656438440736;3.07529615654289;45.1981132075472;80.2735849056604;60.0377358490566;52.0754716981132;46.4245283018868;15.0313820754717;29.0648018867924;9.61984528301887;18.6767716981132;18.3322471698113;518.537735849057;1330.16981132075;497.11320754717;305.792452830189;286.518867924528;1227.35849056604;361.320754716981;382.075471698113
75;30.4968962616823;33.6748943925234;30.1418018691589;23.9931635514019;28.2857308411215;15.9602102803738;28.6227140186916;9.82094018691588;180;20.1370364485981;2.55905582395996;47.5338527119636;2.69837536894551;4.91767566306956;3.17638914606485;51.0373831775701;90.4672897196262;69.4859813084112;59.803738317757;52.7570093457944;14.9009093457944;28.3516841121495;8.25732897196262;17.1278663551402;17.6754018691589;607.635514018692;1137.18691588785;397.420560747664;323.03738317757;336.214953271028;1076.63551401869;421.495327102804;442.056074766355
76;30.5780169642857;31.6934428571429;31.1234625;23.6103616071429;26.5304142857143;15.9883357142857;26.6298669642857;9.90869553571428;180;18.8596508928571;2.55470154282548;39.6800384965782;2.56522255073896;4.85271242460687;3.30911665620577;52.8928571428571;95.1339285714286;70.9910714285714;63.7589285714286;54.5982142857143;14.7923151785714;26.3972696428571;8.30697678571429;16.6896776785714;17.1744053571429;1079.01785714286;1213.1875;554.178571428571;326.241071428571;315.5625;1089.28571428571;369.642857142857;765.178571428571
77;31.0363546218487;33.857712605042;30.8077781512605;24.0818403361345;27.7526848739496;15.9609731092437;29.1594327731092;10.3546411764706;180;20.9048403361345;2.49521550640687;46.0125696606031;2.65551761067276;5.08260048239585;3.23908537662002;50.1344537815126;82.5294117647059;63.1764705882353;57.6890756302521;51.5378151260504;15.2266302521008;28.9517655462185;8.91798487394958;16.5056478991597;18.3735638655462;648.848739495798;1415.3025210084;397.403361344538;284.932773109244;365.638655462185;1253.78151260504;463.025210084034;437.81512605042
78;29.9669683333333;32.8728116666667;31.1194825;22.5415675;25.7762158333333;15.8931808333333;28.1602441666667;9.63876;180;19.7901391666667;2.54601194747929;37.4395508447983;2.52389882562433;5.1265596296282;3.19948532821983;53.7916666666667;90.825;69.0916666666667;63.6083333333333;55.9833333333333;14.8916375;27.7909041666667;8.12609416666667;15.3309983333333;16.6990925;764.216666666667;1316.80833333333;479.775;322.091666666667;337.283333333333;1150;392.5;508.333333333333
79;29.3391258064516;32.0181494623656;29.3588483870968;22.6104956989247;25.7867150537634;14.3782139784946;26.789588172043;9.12008817204301;180;17.9338344086022;2.57630097960863;49.1213244640087;2.61242603056771;4.83188159532794;3.21839023667702;59.8387096774194;106.354838709677;82.6881720430108;70.9462365591398;61.0322580645161;13.4972086021505;26.5364419354839;7.86594408602151;15.4394612903226;15.8786344086022;823.881720430108;1410.40860215054;564.763440860215;347.505376344086;275.440860215054;1188.17204301075;306.451612903226;535.483870967742
80;27.7459098039216;30.2043862745098;28.0424911764706;21.2535039215686;24.6614245098039;14.6177441176471;25.358337254902;9.1546205882353;180;18.4447254901961;2.64882686478578;50.7260794138776;2.79193996381358;4.86600040218637;3.41590691430334;63.7549019607843;112.725490196078;82.343137254902;73.3921568627451;66.2745098039216;13.5877137254902;25.1325431372549;7.51574607843137;14.3449892156863;16.4687225490196;737.205882352941;1240.57843137255;487.156862745098;307.254901960784;357.764705882353;1037.25490196078;393.137254901961;472.549019607843
81;28.033343956044;31.8561813186813;29.1602538461538;21.5365472527473;25.8112516483516;14.4631186813187;27.4661395604396;9.04209230769231;180;19.4598505494506;2.67386479230432;49.3981846258725;2.68071470780116;4.84140263753388;3.23500814547032;62.7472527472527;108.945054945055;80.3846153846154;75.0549450549451;64.4175824175824;13.5095615384615;27.1260923076923;7.90525274725275;15.041943956044;16.7799406593407;721.32967032967;1453.59340659341;543.098901098901;331.56043956044;340.648351648352;1252.74725274725;378.021978021978;441.758241758242
82;27.9753;28.6322454545455;27.7916056818182;21.3579977272727;23.6180818181818;13.7172352272727;23.8814659090909;8.98184659090909;180;17.4315477272727;2.65802905733552;55.0615211289265;2.61442812953815;4.97872199084967;3.4863680848504;65.1477272727273;123.409090909091;87.25;73.8068181818182;67.8863636363636;12.7441852272727;23.5602409090909;7.54024090909091;15.2505375;14.9916477272727;799.090909090909;1224.26136363636;784.306818181818;370.579545454545;325.636363636364;990.909090909091;361.363636363636;468.181818181818
83;26.896438372093;28.9839023255814;28.5730441860465;20.8243151162791;23.3140058139535;13.5573255813953;24.9655709302326;9.04354534883721;180;17.7505302325581;2.66062507330581;46.7564228366903;2.72772830240381;4.97310649526122;3.71321783210425;67.4302325581395;121.732558139535;88.3837209302326;75.1511627906977;70.1627906976744;12.3016965116279;24.6477465116279;7.51629767441861;14.9537779069767;14.7780488372093;764.674418604651;1430.63953488372;591.174418604651;323.837209302326;357.906976744186;1160.46511627907;368.604651162791;454.651162790698
84;27.8785205128205;29.2306064102564;28.8888397435897;21.3903358974359;22.7194102564103;14.0959461538462;25.2634756410256;8.84467820512821;180;16.7371153846154;2.71203751251075;46.0835031490096;2.64179048340281;5.19666246153132;3.42820338533292;67.1410256410256;113.846153846154;90.9871794871795;76.6025641025641;69.8717948717949;13.4331243589744;24.7958346153846;7.36147435897436;14.3338102564103;13.885458974359;1041.0641025641;1361.39743589744;528.423076923077;334.628205128205;364.025641025641;1102.5641025641;387.179487179487;608.974358974359
85;27.9259452054795;28.8811164383562;29.1173712328767;20.3511931506849;23.9664;14.5065109589041;24.998695890411;8.97568493150685;180;18.3657739726027;2.69033939736661;52.531930379363;2.66188607923814;5.07362906670878;3.3903826975734;67.1643835616438;124.630136986301;88.3972602739726;77.7397260273973;69.8493150684932;13.5461219178082;24.5733465753425;7.90420410958904;13.8420054794521;15.4872082191781;928.808219178082;1370.05479452055;619.095890410959;292.397260273973;340.150684931507;1130.13698630137;354.794520547945;541.095890410959
86;26.9192842857143;28.7314885714286;28.4768385714286;19.6733214285714;23.9329842857143;12.1859414285714;24.2041914285714;8.12260714285714;180;18.0299142857143;2.67270358984232;49.0682275675326;2.62480485673661;4.80621299720083;3.57844441365741;74.2285714285714;130.142857142857;102.185714285714;86.5428571428572;75.9714285714286;11.5549457142857;23.7440657142857;7.24348571428572;13.4000114285714;15.6459;830.857142857143;1305.42857142857;680.885714285714;379.685714285714;367.214285714286;1074.28571428571;388.571428571429;455.714285714286
87;26.6823176470588;29.5078779411765;28.0688411764706;21.2966720588235;23.5660941176471;12.4346205882353;25.7469102941176;8.54095735294118;180;16.5482367647059;2.74662528562034;53.5361599194168;2.77408159674971;5.00512927652505;3.68618197585261;75.8970588235294;133.279411764706;105.014705882353;84.6176470588235;76.5147058823529;11.6838191176471;25.3802058823529;7.3660705882353;14.8733617647059;14.4308044117647;1015.61764705882;1582.29411764706;734.220588235294;364.75;330.617647058824;1225;348.529411764706;539.705882352941
88;27.7812144927536;28.4105492753623;27.9565304347826;19.0722724637681;22.377884057971;13.7393449275362;23.0929304347826;8.5626;180;16.8852652173913;2.69464563289618;49.6216446950912;2.65733443843837;5.23716060216028;3.3595599002353;71.2028985507246;124.884057971015;94.1304347826087;83.0434782608696;75.0434782608696;12.5333782608696;22.6556637681159;6.9719;13.4054260869565;14.1810927536232;912.391304347826;1177.01449275362;612.782608695652;333.260869565217;365.855072463768;915.942028985507;357.971014492754;494.202898550725
89;26.5762677419355;28.1583532258064;28.3445387096774;21.1786983870968;22.9354;13.6431532258064;23.5489048387097;8.77860645161291;180;18.1134935483871;2.720809338079;52.3328365376525;2.80376682467614;4.98986451490577;3.49614761630617;68.0483870967742;124.870967741936;93.4193548387097;79.0161290322581;70.3709677419355;12.7710903225806;23.1704693548387;7.42771935483871;14.2955725806452;15.1240467741936;960.016129032258;1327.56451612903;659.016129032258;326.209677419355;343.112903225806;1038.70967741936;358.064516129032;501.612903225807
90;25.4172474576271;27.3417525423729;27.7002593220339;20.5949271186441;21.1753389830508;11.7731542372881;23.5960033898305;8.03460508474576;180;16.7552169491525;2.87131044216207;47.2479581902139;2.94731664582953;5.09985510358441;3.61687003820697;76.9830508474576;145.559322033898;106;89.2203389830508;79;10.5089661016949;23.0095762711864;6.42358983050848;13.6288118644068;13.7268406779661;834.576271186441;1383.71186440678;561.64406779661;344.084745762712;336.067796610169;1047.45762711864;325.423728813559;440.677966101695
91;27.1011801724138;28.7089818965517;28.9488956896552;21.0418896551724;23.7394267241379;13.9899551724138;25.0309913793103;8.32082844827586;180;17.5985939655172;2.69342253022538;53.8687445517915;2.72427156375272;5.12890178828055;3.48475599333153;74.1637931034483;135.043103448276;103.396551724138;85.7931034482759;74.6465517241379;12.9393655172414;24.5822163793103;7.29305603448276;14.2401137931035;15.2474698275862;920.560344827586;1435.16379310345;695.284482758621;344.870689655172;352.181034482759;1118.10344827586;351.724137931034;466.379310344828
92;26.1707344537815;27.6654663865546;26.7948647058824;19.2439773109244;21.233718487395;12.9558974789916;23.3943117647059;8.28999327731092;180;16.4019680672269;2.75426509304798;44.3295043464835;3.0306767468769;4.93678796436166;3.57372878763548;79.6134453781513;143.243697478992;105.983193277311;92.7563025210084;83.1596638655462;12.0129159663866;23.1643613445378;7.21112352941177;12.560943697479;14.1569277310924;1039.49579831933;1343.29411764706;665.798319327731;313.756302521008;392.050420168067;1024.36974789916;360.504201680672;520.168067226891
93;26.1320656716418;27.5725104477612;26.8710380597015;20.2302970149254;22.2661604477612;13.4459343283582;22.8320328358209;8.4332723880597;180;16.7969805970149;2.71885873648533;61.0891967248928;2.72898640808485;5.0922211942287;3.53667976499915;77.8880597014925;146.373134328358;109.231343283582;90.4776119402985;79.910447761194;12.6009298507463;22.4679074626866;7.04742537313433;13.949978358209;14.6792686567164;1022.87313432836;1345.64925373134;772.455223880597;390.977611940298;411.850746268657;1020.14925373134;357.462686567164;508.955223880597
94;25.7537811688312;27.0622688311688;26.3301201298701;20.028724025974;21.4709116883117;12.588675974026;22.5089974025974;7.83613701298702;180;16.6667941558442;2.77239033519705;53.1254184067724;2.92922635077426;4.96654291757973;3.57002314483983;81.5844155844156;150.038961038961;106.474025974026;91.7207792207792;84.1558441558442;11.8108779220779;22.1953753246753;6.51291493506493;13.6343564935065;14.0983142857143;949.590909090909;1419.06493506494;647.5;384.37012987013;434.551948051948;1042.85714285714;360.38961038961;460.38961038961
95;23.5134539568345;25.255717266187;26.3781705035971;18.1504949640288;20.1106884892086;12.2643848920863;20.8996820143885;7.64677985611511;180;16.3138201438849;2.80136189265931;46.3396484882894;2.87596974895483;4.94628900427785;3.89125865589869;90.8489208633094;160.719424460432;125.769784172662;102.115107913669;93.2661870503597;11.1730208633093;20.6051143884892;6.13089856115108;12.2522726618705;13.3010697841727;938.841726618705;1271.58273381295;795.73381294964;341.201438848921;434.956834532374;966.187050359712;376.978417266187;443.165467625899
96;26.0732256756757;26.8271702702703;28.0145641891892;19.5437675675676;21.7406871621622;13.0022790540541;22.1602945945946;7.89390067567567;180;16.6924533783784;2.70484594316954;55.4065899044752;2.84200702943754;5.06809659700935;3.84340819785248;82.9121621621622;152.966216216216;111.851351351351;96;86.1351351351351;12.1381939189189;21.9119567567568;6.54759527027027;13.7480614864865;14.1097297297297;840.72972972973;1344.11486486486;766.087837837838;459.662162162162;449.398648648649;984.45945945946;408.783783783784;409.45945945946
97;23.5587956834532;25.2794712230216;27.8950345323741;17.6723215827338;20.2283438848921;12.5529697841727;21.1172316546763;8.01715755395684;180;15.9058985611511;2.75467257105136;43.3882537827079;2.74642580319218;4.83556186642192;3.90275519090766;91.6115107913669;165.719424460432;123.251798561151;103.237410071942;95.2230215827338;11.5692791366907;20.7584007194245;6.7501892086331;12.5171769784173;12.9821431654676;862.028776978417;1334.46043165468;787.726618705036;389.546762589928;412.424460431655;994.244604316547;343.165467625899;410.071942446043
98;23.0714398601399;24.2880174825175;24.6913377622378;17.197320979021;18.6566650349651;11.9591916083916;20.3560097902098;7.15291188811188;180;15.6872888111888;2.89368432257412;50.9344536453676;2.96108087262525;5.08777287624757;3.80407611622725;95.9370629370629;175.146853146853;126.181818181818;108.062937062937;99.1328671328671;11.0437447552448;20.0264622377622;6.00105594405594;11.7165244755245;12.5810440559441;1035.65734265734;1387.57342657343;802.125874125874;354.783216783217;397.909090909091;984.615384615385;338.461538461538;477.622377622378
99;22.7782138888889;23.7807916666667;24.5280881944444;17.0969368055556;19.2929347222222;11.9339430555556;19.8107986111111;7.18276805555555;180;14.77100625;2.84774064785442;49.7377398575888;3.06484081192461;4.88702391209638;3.93554592836779;100.590277777778;192.583333333333;138.75;114.194444444444;104;10.8597472222222;19.3733034722222;5.92275277777778;12.0702097222222;11.9285201388889;946.736111111111;1290.34722222222;814.666666666667;406.576388888889;401.965277777778;901.388888888889;324.305555555556;434.722222222222
100;23.9897642857143;25.1701264285714;0;0;20.0846571428571;12.3803157142857;21.4328371428572;0;0;15.3108735714286;2.86652491505767;52.4615786474317;0;0;3.79729234929621;94.0285714285714;174.321428571429;0;0;98.5857142857143;11.3694992857143;20.9854528571429;0;0;12.52005;1249.9;1460.85;0;0;455.528571428571;1025;368.571428571429;560
