n;crossing resolution fa;crossing resolution rm;crossing resolution tr;crossing resolution rm-1;angular resolution fa;angular resolution rm;angular resolution tr;angular resolution rm-1;Aspect ratio fa;Aspect ratio rm;Aspect ratio tr;Aspect ratio rm-1;Crossing number fa;Crossing number rm;Crossing number tr;Crossing number rm-1;Time fa;Time rm;Time tr;Time rm-1;Iterations rm;Iterations rm-1;Iterations fa;sd crossing resolution fa;sd crossing resolution rm;sd crossing resolution rm-1;cr_up fa;cr_down fa;cr_up rm;cr_down rm;cr_up rm-1;cr_down rm-1;sd aspect ratio fa;sd aspect ratio rm;sd aspect ratio rm-1;asp_up fa;asp_down fa;asp_up rm;asp_down rm;asp_up rm-1;asp_down rm-1;sd crossing number fa;sd crossing number rm;sd crossing number rm-1;cn_up fa;cn_down fa;cn_up rm;cn_down rm;cn_up rm-1;cn_down rm-1;sd iterations fa;sd iterations rm;sd iterations rm-1;it_up fa;it_down fa;it_up rm;it_down rm;it_up rm-1;it_down rm-1;a;b
11;72.0771857142857;89.4815428571429;72.0771857142857;84.0350714285714;23.5170285714286;21.5303;23.5170285714286;22.4563857142857;1.79404336435434;21.0489334581817;1.79404336435434;1.81515814306049;4.85714285714286;3.14285714285714;4.85714285714286;4.28571428571429;146.571428571429;60.4285714285714;146.571428571429;80.5714285714286;671.428571428571;971.428571428572;1800;13.0800444673592;0.744990782621153;6.06174326348295;85.157230181645;58.9971412469265;90;88.7365520745217;90;77.9733281650885;0.288920575236047;26.5150113397493;0.320263237453568;2.08296393959039;1.5051227891183;47.563944797931;1;2.13542138051406;1.49489490560692;3.02371578407382;1.3451854182691;2.21466970556828;7.88085864121667;1.83342707306904;4.48804256112624;1.79767172458804;6.50038399128257;2.071044580146;2001.66597280032;415.187851918806;771.82529481372;3801.66597280032;0;1086.61642334738;256.240719509765;1743.25386624229;199.603276614852;n;=11
12;73.264175;88.57765;73.264175;85.004875;29.755525;22.914475;29.755525;24.534025;1.74492424999402;9.45706523319733;1.74492424999402;1.7718728947533;5.75;3;5.75;3.5;151.5;58.5;151.5;104.5;600;1500;1650;18.1620390616206;2.75864390537573;6.12586607938012;90;55.1021359383794;90;85.8190060946243;90;78.8790089206199;0.327246569612511;4.02309385173891;0.219707114886757;2.07217081960653;1.41767768038151;13.4801590849362;5.43397138145841;1.99158000964005;1.55216577986654;5.5;4;2.38047614284762;11.25;0.25;7;0;5.88047614284762;1.11952385715238;2901.1491975882;432.049379893857;761.577310586391;4551.1491975882;0;1032.04937989386;167.950620106143;2261.57731058639;738.422689413609;n;=12
13;77.01264;88.0124;77.01264;85.8827;23.63316;23.74108;23.63316;22.82752;1.57781137718389;9.24065072340505;1.57781137718389;1.68782144372071;3.2;3;3.2;2.8;25.6;87.6;25.6;62.4;860;780;320;11.651251526467;4.26139418500566;8.14932040540805;88.663891526467;65.361388473533;90;83.7510058149944;90;77.733379594592;0.185232724450184;6.62924369405642;0.210577967544894;1.76304410163408;1.39257865273371;15.8698944174615;2.61140702934862;1.89839941126561;1.47724347617582;1.6431676725155;2.54950975679639;1.78885438199983;4.8431676725155;1.5568323274845;5.54950975679639;0.450490243203608;4.58885438199983;1.01114561800017;192.353840616713;415.932686861708;725.947656515261;512.353840616713;127.646159383287;1275.93268686171;444.067313138292;1505.94765651526;54.0523434847386;n;=13
14;75.5995333333333;89.7813333333333;75.5995333333333;83.9809333333333;25.1440333333333;19.4173;25.1440333333333;19.6855;1.81943378586435;10.8112058617229;1.81943378586435;1.73549606887664;5.33333333333333;3.66666666666667;5.33333333333333;5;393;104;393;78;966.666666666667;1033.33333333333;3466.66666666667;10.9045478477254;0.173302519697013;9.35659797486957;86.5040811810588;64.6949854856079;89.9546358530304;89.6080308136363;90;74.6243353584638;0.335399053320288;5.01234572324876;0.289118741432558;2.15483283918464;1.48403473254406;15.8235515849717;5.79886013847418;2.0246148103092;1.44637732744409;3.51188458428425;0.577350269189626;1.73205080756888;8.84521791761758;1.82144874904909;4.24401693585629;3.08931639747704;6.73205080756888;3.26794919243112;2857.15476187996;321.455025366432;680.685928555405;6323.82142854663;609.511904786706;1288.1216920331;645.211641300235;1714.01926188874;352.647404777929;n;=14
15;75.10984;89.04416;75.10984;81.29709;22.52777;17.6003;22.52777;18.79855;1.7066807456709;8.63949029579895;1.7066807456709;2.00478691895634;5;3;5;4.3;248;87.4;248;80.1;860;1020;2430;9.71954479309031;2.46256862113074;8.70490860982724;84.8293847930903;65.3902952069097;90;86.5815913788693;90;72.5921813901728;0.133195112815989;5.34166791857242;0.347719267148421;1.83987585848689;1.57348563285491;13.9811582143714;3.29782237722653;2.35250618610476;1.65706765180792;3.36650164612069;2.90593262902712;2.79085809185793;8.36650164612069;1.63349835387931;5.90593262902712;0.094067370972884;7.09085809185793;1.50914190814207;3634.41879810239;459.951688284276;758.360805363193;6064.41879810239;0;1319.95168828428;400.048311715724;1778.36080536319;261.639194636807;n;=15
16;71.3981818181818;89.0263636363637;71.3981818181818;80.9269909090909;23.7032545454545;18.1141636363636;23.7032545454545;21.2493636363636;1.79572498907977;13.974603287963;1.79572498907977;1.85446031076904;5.54545454545455;3.45454545454545;5.54545454545455;4.81818181818182;119;97.7272727272727;119;104.636363636364;781.818181818182;1218.18181818182;1190.90909090909;13.4830621323065;2.64467885395287;8.77086174095277;84.8812439504883;57.9151196858754;90;86.3816847824108;89.6978526500437;72.1561291681382;0.294378473838391;16.7136168457079;0.371284363246227;2.09010346291816;1.50134651524138;30.6882201336709;1;2.22574467401526;1.48317594752281;4.39007144278169;3.58785831279989;4.06984475915684;9.93552598823623;1.15538310267286;7.04240376734535;0;8.88802657733865;0.748337059024983;1929.48415150503;612.891804184363;789.706504744873;3120.39324241412;0;1394.70998600255;168.926377633819;2007.88832292669;428.475313436946;n;=16
17;67.2837777777778;89.4952444444444;67.2837777777778;81.7659333333333;23.1149555555556;18.5924888888889;23.1149555555556;20.1219111111111;1.90817364167163;29.8547708289627;1.90817364167163;1.88194193393552;6.44444444444444;3.66666666666667;6.44444444444444;5;599.333333333333;124.777777777778;599.333333333333;123.555555555556;966.666666666667;1100;4800;13.8110293715546;1.10993881375406;8.21686438019395;81.0948071493324;53.4727484062231;90;88.3853056306904;89.9827977135273;73.5490689531394;0.404027066559129;41.963754122599;0.131699481008827;2.31220070823076;1.5041465751125;71.8185249515617;1;2.01364141494434;1.75024245292669;3.87656778320434;3.08220700148449;3.35410196624968;10.3210122276488;2.56787666124011;6.74887366815116;0.584459665182178;8.35410196624969;1.64589803375032;7632.82385490455;640.312423743285;812.403840463596;12432.8238549046;0;1606.97909040995;326.354242923382;1912.4038404636;287.596159536404;n;=17
18;71.9815076923077;88.8451538461539;71.9815076923077;80.3349076923077;23.1633230769231;18.1682153846154;23.1633230769231;22.6943846153846;1.76677712671314;19.1968394504861;1.76677712671314;1.88201333099565;4.69230769230769;3.46153846153846;4.69230769230769;4;380.230769230769;94.8461538461538;380.230769230769;87.0769230769231;769.230769230769;884.615384615385;3084.61538461538;12.4421089496155;2.46461372890202;10.8377093617195;84.4236166419232;59.5393987426922;90;86.3805401172519;90;69.4971983305882;0.198587537405861;24.9427638731686;0.291882599542933;1.96536466411901;1.56818958930728;44.1396033236547;1;2.17389593053858;1.59013073145272;2.71982276948993;2.60177454235196;2.48327740429189;7.41213046179763;1.97248492281776;6.06331300389043;0.859763919186498;6.48327740429189;1.51672259570811;4201.55648814543;577.905147039165;533.613708354264;7286.17187276081;0;1347.13591626993;191.325622191604;1418.22909296965;351.00167626112;n;=18
19;67.2744411764706;88.1279823529412;67.2744411764706;78.4153058823529;22.2028235294118;18.9830058823529;22.2028235294118;20.4269647058824;1.77434354153964;39.3227404507938;1.77434354153964;1.88080154297374;7.29411764705882;6.17647058823529;7.29411764705882;6.64705882352941;190.882352941176;160.588235294118;190.882352941176;114.294117647059;1211.76470588235;976.470588235294;1252.94117647059;12.8206717571691;3.67891651699846;10.885916390196;80.0951129336397;54.4537694193015;90;84.4490658359427;89.301222272549;67.5293894921569;0.256355867507129;48.0656024742994;0.308563375377287;2.03069940904677;1.51798767403251;87.3883429250931;1;2.18936491835103;1.57223816759645;5.16919609178198;5.28246266098549;5.67826091852281;12.4633137388408;2.12492155527684;11.4589332492208;0.894007927249806;12.3253197420522;0.9687979050066;1874.53915905311;732.190508799773;688.77555466631;3127.4803355237;0;1943.95521468213;479.57419708258;1665.2461429016;287.695033568985;n;=19
20;70.065975;88.64625;70.065975;79.4628833333333;25.2416833333333;18.5148833333333;25.2416833333333;18.3136;1.83799451284368;17.0410163563627;1.83799451284368;1.85201139353497;5.5;4.66666666666667;5.5;4.41666666666667;313.416666666667;145.833333333333;313.416666666667;81.8333333333333;1066.66666666667;800;2133.33333333333;12.0877321476344;2.01267124601745;16.3201771991735;82.1537071476344;57.9782428523656;90;86.6335787539825;90;63.1427061341598;0.334512220883224;19.9572241836976;0.411858709758841;2.1725067337269;1.50348229196045;36.9982405400603;1;2.26387010329381;1.44015268377613;2.93876906822629;2.90245455162392;2.7122058561364;8.43876906822629;2.56123093177371;7.56912121829059;1.76421211504274;7.12887252280307;1.70446081053026;3554.85157172134;611.010092660779;680.908484039055;5688.18490505468;0;1677.67675932745;455.656574005888;1480.90848403905;119.091515960945;n;=20
21;69.8437913043478;87.3351304347826;69.8437913043478;79.4849;23.1064739130435;16.4895304347826;23.1064739130435;17.907247826087;1.85190811193662;13.161030453358;1.85190811193662;1.93162414832374;7.47826086956522;5.26086956521739;7.47826086956522;6.47826086956522;458.173913043478;120.652173913043;458.173913043478;105.782608695652;752.173913043478;808.695652173913;2704.34782608696;16.955937778948;6.60460088612027;14.5379298389983;86.7997290832959;52.8878535253998;90;80.7305295486623;90;64.9469701610017;0.382920232449989;11.5287566216326;0.439119839088371;2.23482834438661;1.46898787948663;24.6897870749906;1.63227383172536;2.37074398741211;1.49250430923537;6.62549871342385;6.05443031855297;6.02924362222381;14.1037595829891;0.852762156141373;11.3152998837704;0;12.507504491789;0.449017247341409;6077.63996217952;496.230852818058;576.756639618369;8781.98778826647;0;1248.40476586154;255.94306022542;1385.45229179228;231.939012555544;n;=21
22;67.8967;86.3249647058823;67.8967;80.0588823529412;22.5413705882353;18.6609235294118;22.5413705882353;17.5675764705882;1.82998391698147;17.4597784651666;1.82998391698147;1.9144981129946;7.29411764705882;6.41176470588235;7.29411764705882;6.41176470588235;343.176470588235;174.352941176471;343.176470588235;105.294117647059;1123.52941176471;752.941176470588;2052.94117647059;15.1824067076007;8.14796702366158;12.1234009218348;83.0791067076008;52.7142932923993;90;78.1769976822208;90;67.9354814311064;0.311421497536512;18.4979242235644;0.396309755763467;2.14140541451798;1.51856241944495;35.9577026887311;1;2.31080786875806;1.51818835723113;4.85752902567696;4.86131185393166;4.65105933537474;12.1516466727358;2.43658862138187;11.273076559814;1.55045285195069;11.0628240412571;1.76070537050762;2991.26178373333;651.468928427045;473.177618684072;5044.20296020392;0;1774.99834019175;472.060483337661;1226.11879515466;279.763557786516;n;=22
23;69.4837285714286;87.7493428571429;69.4837285714286;79.3290142857143;20.8239785714286;15.3263071428571;20.8239785714286;17.4124785714286;1.81394706785077;22.5523580801473;1.81394706785077;2.0574094275361;7.28571428571429;6.14285714285714;7.28571428571429;7.21428571428571;644;198.285714285714;644;121.857142857143;1142.85714285714;850;3671.42857142857;12.4806418294295;4.66122464128082;10.4283900352582;81.9643704008581;57.0030867419991;90;83.088118215862;89.7574043209725;68.9006242504561;0.247470243873419;21.7298888105385;0.585070685189937;2.06141731172419;1.56647682397735;44.2822468906858;1;2.64248011272603;1.47233874234616;4.35763823521538;4.29413092948508;4.57717701761134;11.6433525209297;2.92807605049891;10.4369880723422;1.84872621337206;11.7914627318971;2.63710869667437;6207.49281376685;829.007085164383;487.931268804248;9878.92138519542;0;1971.86422802153;313.850057692759;1337.93126880425;362.068731195752;n;=23
24;64.1327666666667;87.8797888888889;64.1327666666667;82.1788666666667;19.8313;12.2709666666667;19.8313;15.5818;1.8564621183698;17.5550655478704;1.8564621183698;1.95157505322097;8.66666666666667;6.33333333333333;8.66666666666667;7.11111111111111;314.111111111111;183.666666666667;314.111111111111;183.333333333333;1011.11111111111;1333.33333333333;1411.11111111111;9.86079428938156;3.81960234135847;7.91298599897662;73.9935609560482;54.2719723772851;90;84.0601865475304;90;74.2658806676901;0.206559835182177;9.53957945397216;0.263269888698012;2.06302195355198;1.64990228318762;27.0946450018426;8.01548609389826;2.21484494191898;1.68830516452295;3.16227766016838;4.09267638593623;3.10017920628971;11.828944326835;5.50438900649829;10.4260097192696;2.24065694739711;10.2112903174008;4.0109319048214;2874.64973711774;648.930744464393;772.981241687015;4285.76084822885;0;1660.0418555755;362.180366646718;2106.31457502035;560.352091646318;n;=24
25;65.8426818181818;86.5165636363636;65.8426818181818;85.0930545454545;18.5615818181818;12.3789090909091;18.5615818181818;12.6291090909091;1.86433122878352;26.6037258533811;1.86433122878352;2.23572909318948;9.45454545454546;9.09090909090909;9.45454545454546;6.09090909090909;225.636363636364;201.363636363636;225.636363636364;181.545454545455;1009.09090909091;1290.90909090909;1136.36363636364;10.0950764727978;5.23488423124576;8.19425878507185;75.9377582909797;55.747605345384;90;81.2816794051179;90;76.8987957603827;0.209545086881548;24.993487626448;0.864633539231431;2.07387631566507;1.65478614190197;51.5972134798291;1.6102382269331;3.10036263242091;1.37109555395805;6.69871086648224;9.47052844834485;3.6456699097572;16.1532563210277;2.75583458806321;18.5614375392539;0;9.73657900066629;2.44523918115189;1694.85853526053;580.438705557349;622.020169214063;2831.22217162416;0;1589.52961464826;428.65220353356;1912.92926012315;668.888921695028;n;=25
26;65.8948444444444;85.8128555555556;65.8948444444444;82.1338611111111;22.4860944444444;16.0041611111111;22.4860944444444;18.5154722222222;1.90226905649744;27.937216658219;1.90226905649744;2.04057219255292;8.44444444444444;7.16666666666667;8.44444444444444;6.27777777777778;209.277777777778;178.666666666667;209.277777777778;161;905.555555555556;1083.33333333333;905.555555555556;14.9403084309931;10.4143895770522;7.69188629211012;80.8351528754375;50.9545360134514;90;75.3984659785033;89.8257474032213;74.441974819001;0.566399972572392;49.4691234584613;0.477004803368569;2.46866902906983;1.33586908392504;77.4063401166803;1;2.51757699592149;1.56356738918435;5.47961164598822;6.54621579055187;3.02549083145889;13.9240560904327;2.96483279845623;13.7128824572185;0.620450876114802;9.30326860923667;3.25228694631888;1565.61291220074;747.12958339172;670.601135066845;2471.16846775629;0;1652.68513894728;158.425972163836;1753.93446840018;412.732198266488;n;=26
27;74.2241529411765;89.2268411764706;74.2241529411765;85.0484882352941;26.2601764705882;17.1068058823529;26.2601764705882;20.3865823529412;1.76104478890328;22.1535979064013;1.76104478890328;1.97143783273473;6.64705882352941;3.82352941176471;6.64705882352941;4.82352941176471;324.647058823529;164.117647058824;324.647058823529;171.176470588235;894.117647058824;1129.41176470588;1270.58823529412;10.0299789951249;1.2618818501839;6.79782598757522;84.2541319363014;64.1941739460516;90;87.9649593262867;90;78.2506622477189;0.234324302430978;32.6888243586756;0.304653903290731;1.99536909133426;1.5267204864723;54.8424222650769;1;2.27609173602546;1.666783929444;3.46304014686858;2.06867391454185;2.27033296340116;10.110098970398;3.18401867666084;5.89220332630655;1.75485549722286;7.09386237516586;2.55319644836355;2159.79301840545;592.104919160547;508.385564658303;3430.38125369957;0;1486.22256621937;302.012727898277;1637.79732936419;621.02620004758;n;=27
28;70.2046;86.32808;70.2046;81.8378333333333;20.71338;19.30162;20.71338;18.8566866666667;1.81847685317392;36.4701207058593;1.81847685317392;1.99624832321843;7.6;7;7.6;6.53333333333333;224.933333333333;218.333333333333;224.933333333333;183.666666666667;1133.33333333333;1153.33333333333;840;15.3843847765936;7.66648928549251;11.961847457507;85.5889847765936;54.8202152234064;90;78.6615907145075;90;69.8759858758263;0.292950933651244;59.8772556607617;0.264030202072919;2.11142778682516;1.52552591952267;96.347376366621;1;2.26027852529135;1.73221812114551;5.19340240800081;6.71884343788848;4.77892197447241;12.7934024080008;2.40659759199919;13.7188434378885;0.281156562111516;11.3122553078057;1.75441135886093;1047.3094780709;1287.6704695283;867.563638395863;1887.3094780709;0;2421.00380286164;0;2020.8969717292;285.769694937471;n;=28
29;70.6001714285714;87.8371428571429;70.6001714285714;84.0099285714286;23.788380952381;17.4066523809524;23.788380952381;18.8096;1.8778547047671;17.0542246516916;1.8778547047671;1.98522366501966;8.0952380952381;6.71428571428571;8.0952380952381;6.80952380952381;704.857142857143;205.809523809524;704.857142857143;162.428571428571;1076.19047619048;990.476190476191;2623.80952380952;9.91460532452719;2.65754865441283;7.65072301937162;80.5147767530986;60.6855661040442;90;85.17959420273;90;76.359205552057;0.281584317491886;13.8344463675499;0.287228768724477;2.15943902225898;1.59627038727521;30.8886710192415;3.21977828414169;2.27245243374414;1.69799489629518;3.52001082249419;2.81323403119714;3.01029977940815;11.6152489177323;4.57522727274391;9.52751974548286;3.90105168308857;9.81982358893196;3.79922403011566;4802.48943381501;540.282113256363;794.924374959506;7426.29895762453;0;1616.47258944684;535.908362934113;1785.4005654357;195.551815516684;n;=29
30;70.8851210526316;87.2595263157895;70.8851210526316;77.8091578947368;20.438;16.5325421052632;20.438;18.2821263157895;1.93932414630983;19.8602048156712;1.93932414630983;2.04674251086759;8.31578947368421;6.47368421052632;8.31578947368421;7.10526315789474;184.210526315789;194.736842105263;184.210526315789;175.157894736842;921.052631578947;1010.52631578947;626.315789473684;12.1348764675569;4.8714080881133;15.1328541282174;83.0199975201885;58.7502445850747;90;82.3881182276762;90;62.6763037665194;0.337857718727333;18.6791104452476;0.424569083128198;2.27718186503716;1.6014664275825;38.5393152609188;1.18109437042361;2.47131159399578;1.62217342773939;5.86943714487691;5.65064815409733;5.61639204909369;14.1852266185611;2.4463523288073;12.1243323646236;0.823036056428991;12.7216552069884;1.48887110880105;1029.47781005882;510.532344571626;676.506333091901;1655.79359953251;0;1431.58497615057;410.520287007322;1687.03264888137;334.019982697573;n;=30
31;68.5674095238095;83.0109047619048;68.5674095238095;77.4487285714286;23.4145428571429;16.2737476190476;23.4145428571429;19.4748476190476;1.90192903394068;20.7509550211064;1.90192903394068;2.01334835399832;9.71428571428571;7.80952380952381;9.71428571428571;8.71428571428571;758.142857142857;206.428571428571;758.142857142857;207.857142857143;961.904761904762;1266.66666666667;2557.14285714286;12.3652304378004;15.191889771239;11.0581599415157;80.9326399616099;56.2021790860092;90;67.8190149906658;88.5068885129443;66.3905686299129;0.340481265940311;15.344494452202;0.317426872335372;2.24241029988099;1.56144776800037;36.0954494733083;5.40646056890442;2.33077522633369;1.69592148166295;6.34147346555087;6.64544240528084;7.1982140642166;16.0557591798366;3.37281224873485;14.4549662148046;1.16408140424297;15.9124997785023;1.51607165006911;5224.22926646328;492.418714587688;808.290376865476;7781.37212360613;0;1454.32347649245;469.486047317074;2074.95704353214;458.376289801191;n;=31
32;73.6657119047619;87.8222880952381;73.6657119047619;81.8474261904762;27.1595619047619;22.6012952380952;27.1595619047619;23.076830952381;1.74797602213956;14.7602999363843;1.74797602213956;1.98833861832755;7.16666666666667;5.83333333333333;7.16666666666667;6.14285714285714;388.761904761905;232.238095238095;388.761904761905;202.666666666667;1090.47619047619;1166.66666666667;1423.80952380952;11.0691846349246;4.93733533654183;9.26777137630421;84.7348965396865;62.5965272698374;90;82.8849527586963;90;72.579654814172;0.245600116044396;11.4618437071535;0.424873857474208;1.99357613818395;1.50237590609516;26.2221436435378;3.29845622923081;2.41321247580175;1.56346476085334;6.10843745405331;5.26801979118579;5.42609516234294;13.27510412072;1.05822921261336;11.1013531245191;0.565313542147541;11.5689523052001;0.716761980514209;3922.34434153423;684.251246043413;670.880988561316;5346.15386534376;0;1774.7274365196;406.224944432778;1837.54765522798;495.785678105351;n;=32
33;70.2849754716981;86.5241018867925;70.2849754716981;78.4736056603774;24.4109;16.9591547169811;24.4109;18.895841509434;1.80074941038541;20.5009153344507;1.80074941038541;2.12533607884905;9.0377358490566;7.9622641509434;9.0377358490566;7.79245283018868;507.283018867925;225.452830188679;507.283018867925;169.264150943396;988.679245283019;933.962264150943;1571.69811320755;14.2136882769461;5.3672596604316;13.3321677264689;84.4986637486442;56.071287194752;90;81.1568422263609;90;65.1414379339085;0.302491050642432;33.32488432885;0.393627749616447;2.10324046102785;1.49825835974298;53.8257996633008;1;2.51896382846549;1.7317083292326;7.48321779859374;7.16552178611886;6.38615838105543;16.5209536476503;1.55451805046286;15.1277859370623;0.796742364824538;14.1786112112441;1.40629444913325;3633.46504246347;667.849700202791;624.482369100883;5205.16315567102;0;1656.52894548581;320.829545080228;1558.44463325183;309.47989505006;n;=33
34;70.9225387096774;88.1399935483871;70.9225387096774;80.1744193548387;23.7275306451613;21.03395;23.7275306451613;21.4883290322581;1.82004761511155;16.2769680922407;1.82004761511155;2.10863481427372;7.58064516129032;6.03225806451613;7.58064516129032;6.43548387096774;469.112903225807;212.032258064516;469.112903225807;171.548387096774;924.193548387097;974.193548387097;1451.61290322581;10.8123188452461;2.92461030879643;9.02154389701944;81.7348575549235;60.1102198644314;90;85.2153832395907;89.1959632518582;71.1528754578193;0.2913910369032;12.2908266948294;0.345242701623423;2.11143865201475;1.52865657820835;28.5677947870702;3.98614139741132;2.45387751589714;1.76339211265029;4.13917069026791;3.52028194630647;3.57413737267498;11.7198158515582;3.44147447102241;9.5525400108226;2.51197611820966;10.0096212436427;2.86134649829276;3740.81353190539;588.603650181406;609.201434793465;5192.4264351312;0;1512.7971985685;335.589898205691;1583.39498318056;364.992113593632;n;=34
35;69.2057462365591;86.6832473118279;69.2057462365591;78.4885870967742;23.8006870967742;17.0567290322581;23.8006870967742;19.3606774193548;1.83059541913293;25.5536743545627;1.83059541913293;2.09120026196898;9.49462365591398;8.53763440860215;9.49462365591398;8.32258064516129;326.537634408602;282.58064516129;326.537634408602;207.956989247312;1162.36559139785;1121.50537634409;868.817204301075;12.1427157043311;5.83379415640105;11.8881599920771;81.3484619408902;57.0630305322281;90;80.8494531554269;90;66.6004271046971;0.356421727129421;27.0517485052608;0.349397504549215;2.18701714626235;1.4741736920035;52.6054228598235;1;2.44059776651819;1.74180275741976;5.49826782192431;7.15596306492908;5.29799242191463;14.9928914778383;3.99635583398967;15.6935974735312;1.38167134367307;13.6205730670759;3.02458822324666;1334.65339048918;858.704025855574;655.718898940165;2203.47059479026;0;2021.06961725342;303.661565542275;1777.22427528425;465.786477403921;n;=35
36;67.7714609195403;86.6272206896552;67.7714609195403;79.0961327586207;21.4260235632184;17.0262482758621;21.4260235632184;17.6068862068965;1.86876553152044;29.0384400825858;1.86876553152044;2.13056596632257;10.2413793103448;9.26436781609195;10.2413793103448;8.44827586206897;524.890804597701;289.862068965517;524.890804597701;209.459770114943;1183.90804597701;1082.18390804598;1350;11.147909482122;6.05475890467896;11.2215180254865;78.9193704016622;56.6235514374183;90;80.5724617849763;90;67.8746147331341;0.310651328391703;51.0659186846418;0.537934006869111;2.17941685991215;1.55811420312874;80.1043587672276;1;2.66849997319168;1.59263195945346;6.16716181007992;8.11401381057887;5.21394000929912;16.4085411204247;4.07421750026491;17.3783816266708;1.15035400551309;13.6622158713681;3.23433585276985;3152.4969459493;796.505890194216;704.546630409679;4502.4969459493;0;1980.41393617123;387.402155782796;1786.73053845566;377.637277636298;n;=36
37;65.5418020100503;84.896311557789;65.5418020100503;75.5885618090452;20.8176683417085;15.3995904522613;20.8176683417085;17.071824120603;1.89087586275751;24.750524494261;1.89087586275751;2.15279838576006;11.7336683417085;10.9748743718593;11.7336683417085;9.9748743718593;373.025125628141;300.668341708543;373.025125628141;215.542713567839;1152.26130653266;1059.79899497487;922.613065326633;12.2059148017497;7.3327511863575;12.0558446175443;77.7477168117999;53.3358872083006;90;77.5635603714315;87.6444064265895;63.5327171915009;0.338332285385459;31.5963847360202;0.404490377120886;2.22920814814297;1.55254357737205;56.3469092302812;1;2.55728876288095;1.74830800863917;7.66893392763407;8.61431577210353;7.00680562813044;19.4026022693426;4.06473441407447;19.5891901439628;2.36055859975577;16.9816799999897;2.96806874372885;2011.39210198043;726.123241383356;744.604809969213;2934.00516730706;0;1878.38454791602;426.138065149307;1804.40380494409;315.194185005661;n;=37
38;64.6593439814815;84.6498949074074;64.6593439814815;76.2407694444444;20.0305958333333;15.0336634259259;20.0305958333333;17.0932194444445;1.91857680571276;33.2786775840785;1.91857680571276;2.21160428498655;12.5138888888889;12.0740740740741;12.5138888888889;10.6944444444444;503.175925925926;334.907407407407;503.175925925926;247.708333333333;1210.64814814815;1177.77777777778;1171.2962962963;11.9916530497564;7.59345578340534;11.4359229108854;76.6509970312378;52.6676909317251;90;77.056439124002;87.6766923553298;64.804846533559;0.305901346182907;46.9354449402271;0.473140042039592;2.22447815189567;1.61267545952985;80.2141225243056;1;2.68474432702614;1.73846424294695;8.1571650152042;11.2854742643467;7.46210062492018;20.6710539040931;4.35672387368469;23.3595483384208;0.788599809727371;18.1565450693646;3.23234381952427;2695.54502150548;744.360219308889;684.762166599617;3866.84131780177;0;1955.00836745704;466.287928839259;1862.53994437739;493.015611178161;n;=38
39;62.6917474903475;83.4042656370655;62.6917474903475;73.2563853281854;19.1476544401544;14.5734544401544;19.1476544401544;15.585211969112;1.95540808224736;30.6669788665287;1.95540808224736;2.22651954767519;14.5791505791506;13.5057915057915;14.5791505791506;12.7760617760618;544.19305019305;346.474903474903;544.19305019305;248.938223938224;1274.90347490347;1117.76061776062;1169.11196911197;11.7447338084266;8.26277847648184;12.4164470415181;74.4364812987741;50.9470136819209;90;75.1414871605837;85.6728323697034;60.8399382866673;0.274334595905298;35.2437456702609;0.381741548101214;2.22974267815265;1.68107348634206;65.9107245367896;1;2.6082610957764;1.84477799957398;8.49558193733556;9.59706457720261;8.11903008656555;23.0747325164861;6.08356864181502;23.1028560829941;3.90872692858889;20.8950918626273;4.65703168949623;2921.8190785407;818.693591078585;678.856485953067;4090.93104765267;0;2093.59706598206;456.20988382489;1796.61710371368;438.904131807551;n;=39
40;62.3280070484582;83.6631207048458;62.3280070484582;73.4980753303965;19.1267083700441;13.8268986784141;19.1267083700441;15.0684726872247;1.96527229667849;36.8212237867824;1.96527229667849;2.2841487762769;14.9030837004405;13.8149779735683;14.9030837004405;12.6299559471366;469.845814977974;373.850220264317;469.845814977974;265.36563876652;1355.94713656388;1179.73568281938;970.044052863436;11.7395443684799;7.58083314803688;12.2725228983614;74.067551416938;50.5884626799783;90;76.0822875568089;85.7705982287579;61.2255524320351;0.321380781852023;41.982500421674;0.499848747828136;2.28665307853051;1.64389151482647;78.8037242084565;1;2.78399752410503;1.78430002844876;8.29912775068361;8.95125172314001;7.45277649146136;23.2022114511241;6.60395594975692;22.7662296967083;4.86372625042827;20.0827324385979;5.1771794556752;2084.49427193556;771.446954931276;749.946263977524;3054.538324799;0;2127.39409149515;584.500181632601;1929.68194679691;429.789418841859;n;=40
41;60.7297153439153;83.1588148148148;59.9281514705882;73.0808560846561;18.3719608465608;13.0051095238095;17.9175044117647;14.6281534391534;2.00785477188328;36.442245617309;2.06088047727766;2.31114471500009;15.6878306878307;15.4232804232804;15.7794117647059;13.6243386243386;692.883597883598;384.814814814815;692.883597883598;286.121693121693;1307.40740740741;1223.80952380952;1375.66137566138;11.6762114216246;7.72414372128845;12.4744970785389;72.4059267655399;49.0535039222908;90;75.4346710935264;85.555353163195;60.6063590061171;0.335678326799751;42.5716047391533;0.528151063171621;2.34353309868303;1.67217644508352;79.0138503564623;1;2.83929577817171;1.78299365182847;8.54854162334574;10.5412405821786;7.59420553263852;24.2363723111764;7.13928906448495;25.9645210054591;4.88203984110178;21.2185441569771;6.0301330917001;3940.49357147696;748.436773824566;785.719812083356;5316.15494713834;0;2055.84418123197;558.970633582842;2009.52933589288;438.089711726168;n;=41
42;60.5273915789474;81.8046215789474;59.916349122807;72.5785773684211;18.4939405263158;12.3390147368421;18.209049122807;13.09786;2.04039764044154;29.1005724935239;2.06429552184978;2.35725364727979;17.3842105263158;16.7947368421053;17.1929824561403;14.9368421052632;867.789473684211;380.452631578947;867.789473684211;282.947368421053;1240;1155.78947368421;1644.73684210526;12.8791122565106;9.71766849936784;12.7239593827606;73.406503835458;47.6482793224368;90;72.0869530795796;85.3025367511817;59.8546179856605;0.364042792619387;22.3605396489365;0.530331005847956;2.40444043306092;1.67635484782215;51.4611121424603;6.7400328445874;2.88758465312775;1.82692264143184;10.3808310907816;14.667928289324;9.67165774414659;27.7650416170974;7.00337943553417;31.4626651314293;2.12680855278125;24.6084998494097;5.26518436111657;4836.43017200583;702.286515039517;661.122308477726;6481.1670141111;0;1942.28651503952;537.713484960483;1816.91178216194;494.667165206485;n;=42
43;59.6437169902913;81.2790315533981;61.161286440678;72.0041194174757;17.418959223301;12.805590776699;18.0542203389831;13.9156470873786;2.07727592635945;31.7961810169231;2.08060148862387;2.33579791799385;18.6650485436893;18.3058252427184;17.135593220339;16.0145631067961;664.077669902913;385.300970873786;664.077669902913;278.800970873786;1246.11650485437;1119.90291262136;1273.30097087379;13.6756237288193;9.74861088811767;12.0439527858797;73.3193407191106;45.9680932614719;90;71.5304206652804;84.0480722033554;59.960166631596;0.456301923993885;31.6388944676018;0.433145091916738;2.53357785035334;1.62097400236557;63.4350754845249;1;2.76894300991059;1.90265282607712;13.7783655707965;16.6020470394773;12.0965538956207;32.4434141144858;4.88668297289283;34.9078722821958;1.70377820324111;28.1111170024168;3.9180092111754;4611.6200821561;692.43963619585;709.546052264515;5884.92105302988;0;1938.55614105022;553.676868658519;1829.44896488587;410.356860356844;n;=43
44;59.5540615384615;81.5638201183433;64.0914868421053;71.3344325443787;17.6410041420118;12.938924260355;18.8176105263158;13.9771;2.08734297364429;33.5752953280759;2.05837021993638;2.40396873117792;18.6272189349112;18.2189349112426;15.6315789473684;15.7278106508876;525.449704142012;414.562130177515;525.449704142012;283.905325443787;1275.73964497041;1085.20710059172;931.360946745562;12.6025457429763;8.6934527534312;12.674436581009;72.1566072814378;46.9515157954853;90;72.8703673649121;84.0088691253877;58.6599959633698;0.432589884403904;37.9287188394456;0.541909179907745;2.5199328580482;1.65475308924039;71.5040141675216;1;2.94587791108567;1.86205955127018;11.4931436064175;14.1477954298718;10.149911825192;30.1203625413287;7.13407532849378;32.3667303411144;4.07113948137085;25.8777224760795;5.57789882569561;2625.63346889652;762.945937298541;690.035444877564;3556.99441564208;0;2038.68558226896;512.793707671873;1775.24254546928;395.171655714152;n;=44
45;57.7178006944444;79.47846875;59.4653434782609;69.065225;16.3185861111111;11.0091826388889;16.9023652173913;12.9421152777778;2.10835519714728;36.1782805404418;2.00321027696201;2.41279206038482;20.5416666666667;21.0902777777778;17.9565217391304;18.0694444444444;363.659722222222;423.097222222222;363.659722222222;299.326388888889;1288.88888888889;1132.63888888889;616.666666666667;13.0143910650608;11.7548243282568;13.6770750064565;70.7321917595053;44.7034096293836;90;67.7236444217432;82.7423000064565;55.3881499935435;0.387153955991095;44.3472356432103;0.564803878005191;2.49550915313837;1.72120124115618;80.5255161836521;1;2.97759593839002;1.84798818237963;13.4475801759057;16.6153157058846;12.2546710248363;33.9892468425724;7.09408649076095;37.7055934836624;4.47496207189316;30.3241154692807;5.81477341960816;670.246797255138;870.263291974445;765.225855513005;1286.9134639218;0;2159.15218086333;418.625596914444;1897.86474440189;367.413033375884;n;=45
46;58.0564604651163;79.0220736434108;63.785868;67.9149852713178;16.0226224806202;11.0165674418605;16.470272;12.9377387596899;2.12427490983535;30.5533063150966;2.07408666309529;2.46696619763501;21.015503875969;22.015503875969;17.36;18.8062015503876;836.395348837209;455.480620155039;836.395348837209;296.53488372093;1362.01550387597;1103.1007751938;1417.82945736434;13.3290890732299;10.5379601718955;13.2622824810868;71.3855495383462;44.7273713918864;89.5600338153063;68.4841134715153;81.1772677524046;54.6527027902311;0.395500004039756;23.8734193414023;0.564124676754597;2.5197749138751;1.72877490579559;54.4267256564989;6.67988697369434;3.0310908743896;1.90284152088041;12.539303519412;16.4159718796037;11.6451958437937;33.554807395381;8.476200356557;38.4314757555726;5.59953199636533;30.4513973941813;7.1610057065939;4157.51295872159;702.917335828155;845.293771464997;5575.34241608594;0;2064.93283970412;659.098168047814;1948.3945466588;257.807003728801;n;=46
47;56.7872495412844;77.8840596330275;60.6465777777778;68.0465146788991;17.1847256880734;11.9258862385321;18.7091962962963;12.6788348623853;2.12850588968196;34.599579858824;2.06369152018845;2.39998322812492;23.1192660550459;24.4036697247706;18.4814814814815;20.1559633027523;720.788990825688;460.211009174312;720.788990825688;308.422018348624;1300.91743119266;1134.8623853211;1237.61467889908;14.5633299707698;12.3915263542764;14.2114804015967;71.3505795120543;42.2239195705146;90;65.4925332787512;82.2579950804958;53.8350342773024;0.393608197698623;25.3099233679561;0.55625160965354;2.52211408738058;1.73489769198334;59.9095032267801;9.28965649086786;2.95623483777846;1.84373161847138;16.4832826482999;20.8544867124093;15.6892120945186;39.6025487033458;6.63598340674597;45.25815643718;3.54918301236133;35.8451753972709;4.46675120823369;3390.47655862673;726.673727392307;638.049131219386;4628.09123752581;0;2027.59115858497;574.243703800353;1772.91151654049;496.813254101715;n;=47
48;59.2189367088607;79.7914518987342;62.5648230769231;68.2667860759494;17.8579886075949;12.0664632911392;21.8943730769231;13.745170886076;2.02882607527203;38.1494445452998;1.98038061569429;2.45104175274431;21.9113924050633;22.0886075949367;17.8076923076923;18.9746835443038;679.974683544304;445.26582278481;679.974683544304;282.848101265823;1298.73417721519;1008.86075949367;1058.22784810127;14.7754899878418;11.5425658781975;15.0537433268166;73.9944266967026;44.4434467210189;90;68.2488860205367;83.320529402766;53.2130427491328;0.362188187116659;51.3855032239966;0.567335119354175;2.39101426238869;1.66663788815538;89.5349477692964;1;3.01837687209849;1.88370663339014;14.5850203039667;17.7555985200607;12.9267905901919;36.49641270903;7.32637210109659;39.8442061149974;4.33300907487598;31.9014741344957;6.04789295411188;2920.95030176284;743.948866261529;689.330755602801;3979.1781498641;0;2042.68304347672;554.785310953661;1698.19151509647;319.53000389087;n;=48
49;59.8344847058824;79.8974011764706;59.3929933333333;69.4209552941176;17.0130294117647;12.6775164705882;17.4315033333333;14.1471294117647;2.06266375293825;29.9565636196337;1.99446657063464;2.45592630966421;20.5294117647059;20.4352941176471;20.7;17.6;832.44705882353;441.458823529412;832.44705882353;311.364705882353;1336.47058823529;1090.58823529412;1248.23529411765;12.6718755794786;10.4953729609596;13.322097891326;72.506360285361;47.1626091264037;90;69.402028215511;82.7430531854437;56.0988574027916;0.370585335216424;22.3973253271752;0.583376226291357;2.43324908815467;1.69207841772182;52.3538889468089;7.5592382924585;3.03930253595557;1.87255008337286;14.4795325458075;17.4856724061672;13.457340004622;35.0089443105134;6.0498792188984;37.9209665238143;2.94962171147982;31.057340004622;4.14265999537799;3211.86830975613;853.403139651775;635.764168879761;4460.10360387378;0;2189.87372788707;483.067448583519;1726.35240417388;454.824066414357;n;=49
50;57.3082244897959;79.1752163265306;57.5876727272727;69.6824979591837;15.8957755102041;11.9294755102041;17.8014227272727;13.0809489795918;2.11971237518831;45.2324454711539;2.09243940132197;2.44971267042465;22.7959183673469;21.6938775510204;22.1818181818182;19.2244897959184;836.775510204082;496.734693877551;836.775510204082;341.571428571429;1367.34693877551;1161.22448979592;1189.79591836735;13.1174620342747;10.0741436477323;11.6478164221792;70.4256865240706;44.1907624555212;89.2493599742629;69.1010726787984;81.3303143813629;58.0346815370045;0.426744685408929;50.6740759492576;0.473923276937282;2.54645706059724;1.69296768977938;95.9065214204115;1;2.92363594736193;1.97578939348737;13.3681518166573;15.7058960288176;12.8050532117247;36.1640701840042;9.42776655068966;37.399773579838;5.98798152220285;32.0295430076431;6.41943658419363;2313.83924264767;732.96991613516;606.498257255882;3503.63516101501;0;2100.31685491067;634.37702264035;1767.7227470518;554.726232540037;n;=50
51;55.2369885714286;77.57848;55.30839;67.1875785714286;16.2276371428571;10.6878985714286;16.701375;11.40059;2.13502270008812;39.8994378808353;2.11392950972804;2.51550390154524;23.2142857142857;23.2142857142857;22.025;19.8142857142857;1093.67142857143;480.014285714286;1093.67142857143;315;1305.71428571429;1027.14285714286;1572.85714285714;11.6474985319738;13.5054602312278;13.5130693232423;66.8844871034024;43.5894900394548;90;64.0730197687722;80.7006478946708;53.6745092481863;0.312690684066892;37.1384854800248;0.606932724865273;2.44771338415501;1.82233201602123;77.0379233608601;2.7609524008105;3.12243662641051;1.90857117667997;12.8907256371942;14.4019854278849;12.0425487902877;36.1050113514799;10.3235600770915;37.6162711421707;8.81230028640077;31.8568345045734;7.77173692399802;4153.95468734476;806.654517985961;550.867939294386;5726.8118302019;0;2112.36880370025;499.059767728325;1578.01079643724;476.274917848471;n;=51
52;56.5388505882353;77.2542447058824;56.9954509803921;67.7071729411765;15.6136717647059;9.82451647058823;15.2100137254902;11.7902894117647;2.17197974138883;38.5627978171172;2.18811118946031;2.5430652728703;24.7294117647059;26.8470588235294;25.843137254902;20.5882352941176;498.541176470588;473.705882352941;498.541176470588;366.529411764706;1221.17647058824;1156.47058823529;696.470588235294;12.3184352918862;12.2995928203075;13.0360802619608;68.8572858801214;44.2204152963491;89.5538375261898;64.9546518855749;80.7432532031372;54.6710926792157;0.488766276241092;34.5483695740161;0.548312458591146;2.66074601762992;1.68321346514774;73.1111673911332;4.01442824310109;3.09137773146144;1.99475281427915;16.0885853023444;23.3954136135966;14.6906952391861;40.8179970670503;8.64082646236148;50.242472437126;3.45164520993282;35.2789305333037;5.89754005493158;1055.1965579504;794.788698730834;682.685010476583;1751.66714618569;0;2015.96516931907;426.387771857402;1839.15559871188;473.785577758712;n;=52
53;56.3400796296297;78.5831101851852;57.2385216666667;66.8328361111111;15.632037962963;11.3316342592593;15.8090566666667;12.3565212962963;2.21497910548984;43.3412105020068;2.21504915862172;2.73613742953078;26.3425925925926;27.3796296296296;27.8333333333333;23.6574074074074;675.361111111111;541.055555555556;675.361111111111;338.407407407407;1391.66666666667;1058.33333333333;935.185185185185;14.6326648523522;10.8716293137547;14.359680248415;70.9727444819819;41.7074147772775;89.4547394989399;67.7114808714305;81.1925163595262;52.4731558626961;0.437581432467835;61.0954809263464;2.23839319804471;2.65256053795767;1.77739767302201;104.436691428353;1;4.97453062757549;1;19.1492719839348;24.6450380183712;18.6202392332509;45.4918645765274;7.19332060865778;52.0246676480009;2.73459161125838;42.2776466406583;5.03716817415651;3159.83303755104;824.975219112388;623.09522831699;4095.01822273622;0;2216.64188577905;566.691447554279;1681.42856165032;435.238105016343;n;=53
54;55.929926923077;75.7074942307692;56.2069666666667;65.4556913461538;14.6072384615385;9.79212884615384;14.9526133333333;10.9475076923077;2.12584139594859;52.0373824762972;2.09996061646866;2.63204842758958;26.1538461538462;30.6923076923077;25.5166666666667;22.8653846153846;783.144230769231;480.990384615385;783.144230769231;347.384615384615;1260.57692307692;1049.03846153846;950.961538461539;13.4798635388805;13.1605926531336;12.9671039228669;69.4097904619575;42.4500633841964;88.8680868839028;62.5469015776356;78.4227952690207;52.488587423287;0.389040664050206;76.2337250892301;0.617288698158944;2.51488205999879;1.73680073189838;128.271107565527;1;3.24933712574853;2.01475972943064;16.2006647536926;23.7703727329962;15.2322203803225;42.3545109075388;9.95318140015353;54.4626804253039;6.92193495931145;38.0976049957071;7.6331642350621;2421.90630174429;714.131731508776;669.00813298606;3372.86784020582;0;1974.7086545857;546.445191568147;1718.04659452452;380.030328552401;n;=54
55;54.3864887931034;74.858322413793;54.8648352941176;63.4676232758621;15.1015551724138;10.1355887931035;15.9703955882353;11.237925;2.26723858465913;35.0118687229696;2.25416876096815;2.50689425599584;27.8448275862069;30.6637931034483;26.7794117647059;25.2241379310345;1131.70689655172;522.98275862069;1131.70689655172;351.818965517241;1291.37931034483;1029.31034482759;1418.96551724138;13.0269413039871;13.405093894059;12.7575667763666;67.4134300970906;41.3595474891163;88.263416307852;61.4532285197341;76.2251900522287;50.7100564994954;0.479073756792415;30.3491407609782;0.501353694246503;2.74631234145154;1.78816482786671;65.3610094839478;4.66272796199149;3.00824795024234;2.00554056174934;15.9557014197465;22.1645796419568;15.3759191775556;43.8005290059534;11.8891261664603;52.8283727454051;8.49921346149144;40.6000571085901;9.84821875347886;3360.84652361906;754.415289337118;610.490500069135;4779.81204086044;0;2045.79459968195;536.96402100771;1639.80084489672;418.819844758451;n;=55
56;53.0674333333333;73.4718166666666;51.221596875;64.4856150793651;13.634623015873;9.62125555555555;13.4169078125;10.4817658730159;2.21892174559432;46.4028354312336;2.26060344417773;2.68389714321911;29.047619047619;33.1666666666667;31.25;25.6507936507937;533.190476190476;528.142857142857;533.190476190476;369.047619047619;1304.7619047619;1110.31746031746;631.746031746032;12.6318094789559;12.5903368736615;13.3839161233777;65.6992428122892;40.4356238543775;86.0621535403281;60.8814797930051;77.8695312027428;51.1016989559873;0.415188022621408;60.2786389362227;0.724025454093928;2.63410976821573;1.80373372297291;106.681474367456;1;3.40792259731304;1.95987168912518;17.0781062851159;24.22882580729;16.1048154092209;46.1257253327349;11.9695127625032;57.3954924739566;8.93784085937671;41.7556090600146;9.54597824157274;721.736882100483;711.376934442735;744.132178052191;1353.48291384652;0;2016.13883920464;593.38497031917;1854.44963836965;366.185282265269;n;=56
57;52.1971819047619;74.1288257142857;50.1935980769231;63.2873361904762;13.3923885714286;9.90192666666666;11.7224538461538;10.3182885714286;2.27790517347103;49.8522067583442;2.37817955212454;2.70284959301757;29.8952380952381;33.7619047619048;32.6923076923077;25.9047619047619;654.4;554.914285714286;654.4;349.819047619048;1316.19047619048;987.619047619048;778.095238095238;12.0678628715962;13.2551462225274;13.7412335750073;64.2650447763581;40.1293190331657;87.3839719368131;60.8736794917583;77.0285697654835;49.5461026154689;0.472163251706685;64.0524871607937;0.62572412644354;2.75006842517772;1.80574192176435;113.904693919138;1;3.32857371946111;2.07712546657403;16.083869014974;26.506720414005;14.5684879960428;45.9791071102121;13.811369080264;60.2686251759097;7.25518434789981;40.4732499008047;11.3362739087191;1493.76788385696;728.819357370299;633.62437885537;2271.86312195219;0;2045.00983356078;587.371118820177;1621.24342647442;353.994668763677;n;=57
58;54.2774933962264;74.0691811320755;55.2514071428571;66.0349386792453;14.6472160377359;9.4908537735849;15.0208023809524;10.6761622641509;2.18034011175338;50.384471186639;2.17017301972034;2.61185333330871;29.0849056603774;32.2169811320755;28.8095238095238;25.5471698113208;887.198113207547;567.556603773585;887.198113207547;395.462264150943;1357.54716981132;1123.58490566038;1016.98113207547;13.7023281190514;12.8553138322686;14.0220533632633;67.9798215152778;40.575165277175;86.9244949643441;61.2138672998069;80.0569920425086;52.012885315982;0.412409281693887;67.7184894355368;0.579652799145073;2.59274939344727;1.7679308300595;118.102960622176;1;3.19150613245379;2.03220053416364;16.954346499618;24.0329158078709;15.5521439804915;46.0392521599954;12.1305591607593;56.2498969399464;8.18406532420455;41.0993137918122;9.99502583082928;2597.34192692354;757.055462924807;654.006245316395;3614.32305899901;0;2114.60263273613;600.491706886513;1777.59115097677;469.578660343983;n;=58
59;51.5720592592593;72.4387425925926;50.613875;63.4502935185185;13.9419925925926;9.7934675925926;13.0676145833333;10.1971592592593;2.23418983154963;40.5917954181426;2.26703363651975;2.66835163743847;31.8796296296296;34.7962962962963;31.9166666666667;27.9814814814815;731.62037037037;607.101851851852;731.62037037037;447.194444444444;1430.55555555556;1282.40740740741;786.111111111111;12.2972142147316;14.8430530360839;13.4036993535316;63.8692734739909;39.2748450445276;87.2817956286766;57.5956895565087;76.8539928720501;50.0465941649869;0.431604882210131;43.7551545817702;0.605975037701043;2.66579471375976;1.8025849493395;84.3469499999128;1;3.27432667513951;2.06237659973743;17.7604609651135;25.17555529249;18.0129659850646;49.6400905947431;14.1191686645161;59.9718515887863;9.62074100380633;45.9944474665461;9.96851549641691;1169.18841836224;946.361288553964;833.731472907542;1955.29952947335;0;2376.91684410952;484.194267001591;2116.13888031495;448.675934499865;n;=59
60;51.8959642857143;72.1172190476191;51.8959642857143;60.5548896825397;14.052123015873;8.84119206349207;14.052123015873;10.4663912698413;2.2327937757898;47.305129943912;2.2327937757898;2.63310599427122;31.6428571428571;35.6587301587302;31.6428571428571;28.4603174603175;1082.52380952381;593.984126984127;1082.52380952381;359.039682539683;1382.53968253968;1019.04761904762;1207.14285714286;11.854763793105;13.7730823201705;13.5129886599868;63.7507280788193;40.0412004926092;85.8903013677896;58.3441367274485;74.0678783425265;47.0419010225528;0.44458796357385;61.4801034124935;0.489206465318271;2.67738173936365;1.78820581221595;108.785233356406;1;3.12231245958949;2.14389952895295;18.6892329583487;30.2250658092684;18.5595908548225;50.3320901012059;12.9536241845084;65.8837959679985;5.4336643494618;47.01990831514;9.90072660549491;5981.82819641526;929.953062478262;687.687636732176;7188.97105355811;0;2312.49274501794;452.58662006142;1706.7352557798;331.359982315443;n;=60
61;50.3557320754717;71.0202025157233;50.3557320754717;60.0274842767296;12.0439572327044;8.38502641509434;12.0439572327044;9.68937861635221;2.33305198279618;54.9232731612608;2.33305198279618;2.8821889627996;36.3647798742138;40.5723270440252;36.3647798742138;32.188679245283;694.867924528302;576.251572327044;694.867924528302;407.238993710692;1290.56603773585;1081.1320754717;708.805031446541;13.1278632551576;12.8215590572323;12.6880248154524;63.4835953306293;37.2278688203141;83.8417615729556;58.198643458491;72.715509092182;47.3394594612772;0.452187203444579;77.8707316133551;0.778606960769487;2.78523918624076;1.8808647793516;132.794004774616;1;3.66079592356909;2.10358200203011;21.4267729673185;28.4234390528058;19.8076733025938;57.7915528415323;14.9380069068954;68.995766096831;12.1488879912193;51.9963525478768;12.3810059426892;1047.62441621169;797.289113645733;671.402255562773;1756.42944765823;0;2087.85515138158;493.276924090116;1752.53433103447;409.729819908925;n;=61
62;50.5808932885906;70.3347369127517;50.5808932885906;60.2720093959732;12.9422979865772;8.54578523489933;12.9422979865772;9.50562281879195;2.30367895204369;52.2373198123805;2.30367895204369;2.73037665536133;37.3221476510067;45.0805369127517;37.3221476510067;33.2885906040268;586.496644295302;626.630872483221;586.496644295302;430.436241610738;1348.32214765101;1140.26845637584;599.328859060403;12.7224926730695;14.7087773588727;14.587274500915;63.3033859616601;37.8584006155211;85.0435142716244;55.625959553879;74.8592838968882;45.6847348950581;0.545809918949802;58.7058931325632;0.527998269833298;2.84948887099349;1.75786903309389;110.943212944944;1;3.25837492519463;2.20237838552803;22.1610409479557;34.4663009679379;20.5463534286841;59.4831885989624;15.161106703051;79.5468378806896;10.6142359448137;53.8349440327109;12.7422371753428;598.816021501991;715.523247100541;771.968304128711;1198.14488056239;0.512837558411547;2063.84539475155;632.798900550465;1912.23676050455;368.300152247128;n;=62
63;49.8279114754098;68.9878655737705;49.8279114754098;60.852137704918;11.9124065573771;8.50229426229508;11.9124065573771;9.06863360655738;2.32233340779741;47.2349264477032;2.32233340779741;2.82011487216578;37.844262295082;45.516393442623;37.844262295082;33.3524590163934;596.655737704918;627.909836065574;596.655737704918;419.549180327869;1368.03278688525;1050;592.622950819672;13.0729166994127;14.0530698908043;13.2114039806358;62.9008281748226;36.7549947759971;83.0409354645748;54.9347956829662;74.0635416855538;47.6407337242823;0.461478790949962;55.7528324645792;0.664513222532578;2.78381219874738;1.86085461684745;102.987758912282;1;3.48462809469836;2.1556016496332;21.0752373169009;31.1894328382153;19.691808143308;58.9194996119828;16.7690249781811;76.7058262808383;14.3269606044076;53.0442671597015;13.6606508730854;735.20312960634;817.602460881878;604.289077558248;1327.82608042601;0;2185.63524776712;550.430326003368;1654.28907755825;445.710922441752;n;=63
64;50.4311446280992;71.6148826446281;50.4311446280992;60.5522082644628;13.0997991735537;9.31624214876033;13.0997991735537;10.0025570247934;2.31929426169642;46.403356258461;2.31929426169642;2.70454175189881;36.5702479338843;42.7603305785124;36.5702479338843;32.3471074380165;679.413223140496;626.123966942149;679.413223140496;391.735537190083;1298.34710743802;1008.26446280992;653.719008264463;15.3729315284038;12.437301629565;13.12204289584;65.804076156503;35.0582130996954;84.0521842741931;59.1775810150631;73.6742511603028;47.4301653686228;0.476397603211065;56.3451365708049;0.556109587445199;2.79569186490749;1.84289665848536;102.748492829266;1;3.26065133934401;2.14843216445361;22.7034602525258;30.0629963003769;21.0482425013751;59.27370818641;13.8667876813585;72.8233268788893;12.6973342781355;53.3953499393917;11.2988649366414;738.584380455166;783.473406384924;634.768563711676;1392.30338871963;0;2081.82051382294;514.873701053093;1643.03302652159;373.495899098241;n;=64
65;49.0744205607476;68.5346887850467;49.0744205607476;60.2703514018692;12.4816813084112;8.03155514018692;12.4816813084112;9.13444018691589;2.31701479982276;45.785924392619;2.31701479982276;2.90806801844893;42.0093457943925;50.588785046729;42.0093457943925;36.5794392523364;699.420560747664;672.738317757009;699.420560747664;456.261682242991;1353.27102803738;1120.56074766355;644.859813084112;14.3546252791055;15.104846249549;12.8558354135489;63.4290458398532;34.7197952816421;83.6395350345957;53.4298425354977;73.126186815418;47.4145159883203;0.451693414419041;46.6341746429179;0.934988548583458;2.7687082142418;1.86532138540372;92.4200990355369;1;3.84305656703239;1.97307946986547;26.3157515521913;39.8594117270557;24.001193910232;68.3250973465838;15.6935942422013;90.4481967737847;10.7293733196733;60.5806331625685;12.5782453421044;831.029555233545;749.882727562186;633.161924169721;1475.88936831766;0;2103.15375559957;603.388300475198;1753.72267183327;487.39882349383;n;=65
66;49.4194175257732;67.6994463917526;49.4194175257732;58.2290288659794;12.7802865979381;8.75208350515465;12.7802865979381;9.42130515463918;2.37180039641524;56.3728072110322;2.37180039641524;3.67424695954027;40.8865979381443;51.8865979381443;40.8865979381443;37.0721649484536;686.618556701031;685.876288659794;686.618556701031;406.628865979381;1334.0206185567;981.443298969072;625.773195876289;12.9766965221155;15.3821070777534;13.4345386449517;62.3961140478887;36.4427210036577;83.081553469506;52.3173393139992;71.663567510931;44.7944902210277;0.52460617307049;73.2865859219737;7.45212297582816;2.89640656948573;1.84719422334475;129.659393133006;1;11.1263699353684;1;25.7297154281532;36.3647254356986;25.0296688213376;66.6163133662976;15.1568825099911;88.251323373843;15.5218725024457;62.1018337697913;12.042496127116;755.021847161208;767.556539440003;552.330271234826;1380.7950430375;0;2101.5771579967;566.464079116698;1533.7735702039;429.113027734246;n;=66
67;50.8160670103093;68.4678628865979;50.8160670103093;61.6004567010309;13.2431432989691;7.80332268041237;13.2431432989691;9.85619690721649;2.37809319483744;53.8174483269197;2.37809319483744;3.07476164049925;40.639175257732;54.1855670103093;40.639175257732;36.7525773195876;1000.38144329897;700.309278350515;1000.38144329897;445.587628865979;1383.50515463918;1053.60824742268;918.556701030928;14.2025166058235;14.8271689774304;12.9055310140564;65.0185836161328;36.6135504044858;83.2950318640284;53.6406939091675;74.5059877150874;48.6949256869745;0.569001718050921;61.5805348829628;1.91812766596366;2.94709491288836;1.80909147678652;115.397983209882;1;4.99288930646291;1.15663397453559;23.4929890104697;43.3133759884738;23.3122066236388;64.1321642682016;17.1461862472623;97.4989429987831;10.8721910218355;60.0647839432265;13.4403706959488;1801.4074299065;744.378993464118;660.659685413959;2719.96413093743;0;2127.88414810329;639.126161175057;1714.26793283664;392.948562008721;n;=67
68;49.0696211111111;67.2006611111111;49.0696211111111;57.3100466666667;12.0432055555556;7.39265555555556;12.0432055555556;8.58694444444445;2.36775028364996;46.8623115233583;2.36775028364996;2.84859580835637;41.8;54.2222222222222;41.8;38.3333333333333;634.033333333333;665.766666666667;634.033333333333;435.122222222222;1281.11111111111;1016.66666666667;550;12.5366334993297;14.1470012557209;12.1431098917253;61.6062546104408;36.5329876117814;81.3476623668321;53.0536598553902;69.453156558392;45.1669367749414;0.524952520396202;44.3897774061612;0.633565900843811;2.89270280404616;1.84279776325375;91.2520889295195;2.47253411719702;3.48216170920018;2.21502990751256;24.2992578607716;38.2536706846407;23.3483632705963;66.0992578607716;17.5007421392284;92.4758929068629;15.9685515375815;61.6816966039296;14.984970062737;663.028462113832;726.990787763596;611.178636605286;1213.02846211383;0;2008.10189887471;554.120323347515;1627.84530327195;405.488030061381;n;=68
69;47.243155;65.397385;47.243155;60.36039625;12.5884525;7.871845;12.5884525;9.3419975;2.362855624761;71.7732234160817;2.362855624761;2.95240787418208;41.925;57.9625;41.925;37.5875;746.75;660.05;746.75;508.35;1262.5;1235;662.5;13.2655977063344;15.3413356407551;13.547596950858;60.5087527063344;33.9775572936656;80.7387206407551;50.0560493592448;73.907993200858;46.812799299142;0.503716109294993;100.776084437854;0.787720788340054;2.86657173405599;1.85913951546601;172.549307853936;1;3.74012866252213;2.16468708584202;21.964168173284;42.4005743184175;22.9107756141189;63.889168173284;19.960831826716;100.363074318417;15.5619256815825;60.4982756141189;14.6767243858811;1611.14590873717;695.07762975973;704.614087751748;2273.64590873716;0;1957.57762975973;567.42237024027;1939.61408775175;530.385912248252;n;=69
70;46.80958875;66.377065;46.80958875;57.6842125;10.84793125;6.56459125;10.84793125;8.54793375;2.42719727175457;60.0445619553925;2.42719727175457;2.95753289284179;45.275;57.275;45.275;40.325;981.625;772.375;981.625;460.8625;1462.5;1071.25;835;13.3823348645267;13.5875872758191;13.5258097843203;60.1919236145267;33.4272538854733;79.9646522758191;52.7894777241809;71.2100222843203;44.1584027156797;0.462751683135502;68.1965295812499;0.734303820514043;2.88994895489007;1.96444558861907;128.241091536642;1;3.69183671335583;2.22322907232774;24.1278110449909;39.9055768444855;21.2661107952167;69.4028110449909;21.1471889550091;97.1805768444855;17.3694231555145;61.5911107952167;19.0588892047833;2460.27167379149;964.742373953412;616.070386821983;3295.27167379149;0;2427.24237395341;497.757626046588;1687.32038682198;455.179613178017;n;=70
71;46.8655640449438;66.3944123595505;46.8655640449438;57.1527730337079;11.8367247191011;7.68610449438202;11.8367247191011;8.94591797752809;2.42022399115526;46.327951931837;2.42022399115526;2.90572713732044;45.7191011235955;58.1460674157303;45.7191011235955;41.4044943820225;1000.22471910112;706.168539325843;1000.22471910112;483.640449438202;1315.73033707865;1035.95505617978;844.943820224719;13.1528383234661;14.1807871389091;13.4315309349676;60.0184023684099;33.7127257214777;80.5751994984596;52.2136252206414;70.5843039686755;43.7212420987402;0.51695354055304;55.138242173589;0.737039469389847;2.9371775317083;1.90327045060222;101.466194105426;1;3.64276660671029;2.1686876679306;23.1025327045469;37.6178604104359;22.9464391677681;68.8216338281424;22.6165684190486;95.7639278261662;20.5282070052944;64.3509335497906;18.4580552142544;2847.24792307314;736.376089126599;628.715716761203;3692.19174329786;0;2052.10642620525;579.354247952053;1664.67077294098;407.239339418572;n;=71
72;47.3106322222222;66.6173922222222;47.3106322222222;55.8858888888889;10.7096177777778;7.28710777777777;10.7096177777778;8.37667444444444;2.42751803165006;54.5617331087984;2.42751803165006;2.84613323906296;44.7333333333333;60.5444444444444;44.7333333333333;40.6333333333333;688.788888888889;826.122222222222;688.788888888889;447.111111111111;1523.33333333333;993.333333333333;573.333333333333;11.4269400533807;14.8329660982922;13.6563691558719;58.737572275603;35.8836921688415;81.4503583205144;51.78442612393;69.5422580447607;42.229519733017;0.495647378125703;61.0804281554993;0.55397469456544;2.92316540977576;1.93187065352436;115.642161264298;1;3.4001079336284;2.29215854449752;22.6163905961032;40.9489024179947;20.1547106044855;67.3497239294365;22.1169427372301;101.493346862439;19.5955420264497;60.7880439378189;20.4786227288478;593.750221762229;961.044609564527;717.642833138502;1167.08355509556;0;2484.37794289786;562.288723768806;1710.97616647184;275.690500194831;n;=72
73;49.3186423529412;67.25142;49.3186423529412;58.8453752941176;12.9752282352941;7.56176352941176;12.9752282352941;9.08432588235294;2.33480331641333;69.2283706303959;2.33480331641333;2.92770969468316;39.4941176470588;51.4117647058824;39.4941176470588;34.9294117647059;1036.47058823529;647.317647058824;1036.47058823529;413.894117647059;1222.35294117647;964.705882352941;825.882352941176;11.9992710500856;14.7451140872219;14.7434685528873;61.3179134030268;37.3193713028555;81.996534087222;52.5063059127781;73.5888438470049;44.1019067412303;0.457681036331702;96.6061827673293;0.710356230747819;2.79248435274503;1.87712228008163;165.834553397725;1;3.63806592543098;2.21735346393534;17.8182781551576;35.3375876092188;16.475658983348;57.3123958022164;21.6758394919012;86.7493523151012;16.0741770966635;51.4050707480538;18.4537527813579;1611.28113337068;723.479764186722;599.147386739202;2437.16348631186;0;1945.83270536319;498.873176989749;1563.85326909214;365.558495613739;n;=73
74;45.8964301886793;66.4670113207547;45.8964301886793;57.5102896226415;10.7063518867925;7.02420188679245;10.7063518867925;8.51394528301887;2.38591086099481;63.8462148538905;2.38591086099481;2.88839298359916;45.2547169811321;55.1320754716981;45.2547169811321;41.0188679245283;724.547169811321;730.981132075472;724.547169811321;488.084905660377;1336.79245283019;1100.94339622642;559.433962264151;12.5345100057187;14.1737443742484;12.4320811596215;58.4309401943979;33.3619201829606;80.6407556950031;52.2932669465063;69.942370782263;45.07820846302;0.479667807948517;77.6155503115819;0.632071779812409;2.86557866894333;1.9062430530463;141.461765165472;1;3.52046476341157;2.25632120378676;22.0864368295092;31.5646201795612;21.2235184606383;67.3411538106412;23.1682801516229;86.6966956512593;23.5674552921369;62.2423863851667;19.79534946389;591.008549110158;841.803672586781;709.996013807572;1150.44251137431;0;2178.59612541697;494.988780243407;1810.93941003399;390.947382418843;n;=74
75;43.8294915887851;64.8235887850468;43.8294915887851;56.6119588785047;10.5744887850467;6.4380261682243;10.5744887850467;7.50647196261682;2.40795561690763;59.2065333110261;2.40795561690763;2.99363461601789;51.4392523364486;66.0747663551402;51.4392523364486;46.5607476635514;621.672897196262;821.03738317757;621.672897196262;544.327102803738;1475.70093457944;1155.14018691589;456.07476635514;13.2949265231042;14.664413834179;10.2670485442135;57.1244181118893;30.5345650656808;79.4880026192258;50.1591749508677;66.8790074227182;46.3449103342912;0.555738287620354;91.6221053541007;0.954179600712303;2.96369390452799;1.85221732928728;150.828638665127;1;3.94781421673019;2.03945501530558;30.492862626094;47.1500417044133;30.2468390895218;81.9321149625426;20.9463897103546;113.224808059553;18.9247246507269;76.8075867530732;16.3139085740296;426.078558194944;757.20951482317;728.81833086683;882.153324550085;29.9962081601957;2232.91044940261;718.491419756269;1883.95851778272;426.321856049058;n;=75
76;42.9078223214286;59.6596178571429;42.9078223214286;53.2977580357143;10.6509696428571;6.50633571428571;10.6509696428571;8.67377410714286;2.47666002057298;56.0500747587226;2.47666002057298;3.07147961899264;55.4910714285714;74.5;55.4910714285714;49.3660714285714;685.071428571429;676.5;685.071428571429;535.848214285714;1174.10714285714;1073.21428571429;503.571428571429;10.9376247472831;15.2140170348707;12.8519034590467;53.8454470687117;31.9701975741454;74.8736348920136;44.4456008222722;66.1496614947609;40.4458545766676;0.499403053314777;56.7256953423928;0.699603895224385;2.97606307388775;1.9772569672582;112.775770101115;1;3.77108351421702;2.37187572376825;24.5235667260663;45.6437438358353;23.5536556469945;80.0146381546377;30.9675047025051;120.143743835835;28.8562561641647;72.9197270755659;25.812415781577;564.079186094761;769.549480430857;599.095736435923;1067.65061466619;0;1943.656623288;404.557662426285;1672.31002215021;474.118549278362;n;=76
77;44.4814285714285;64.9755613445378;44.4814285714285;55.1489722689075;11.0684420168067;6.86177226890756;11.0684420168067;8.6697781512605;2.43896543031906;62.1807369536765;2.43896543031906;2.9861505724685;50.6302521008403;62.1008403361345;50.6302521008403;44.7142857142857;789.050420168067;754.798319327731;789.050420168067;486.310924369748;1271.42857142857;973.949579831933;567.226890756303;11.6906234301519;13.1579731467539;11.8537162918548;56.1720520015805;32.7908051412766;78.1335344912917;51.8175881977839;67.0026885607624;43.2952559770528;0.46016242230907;65.7263318834663;0.692648421276482;2.89912785262813;1.97880300800999;127.907068837143;1;3.67879899374498;2.29350215119202;24.2800977109064;37.157109171728;23.3325781037699;74.9103498117467;26.350154389934;99.2579495078625;24.9437311644064;68.0468638180556;21.3817076105158;494.05092094955;738.200153963916;635.99144340182;1061.27781170585;73.1759698067526;2009.62872539249;533.228417464656;1609.94102323375;337.958136430113;n;=77
78;44.3585933333333;63.58923;44.3585933333333;53.4320491666667;10.5467441666667;6.77775833333333;10.5467441666667;8.10188833333333;2.53756433016381;50.7937316646997;2.53756433016381;3.18604194666141;53.975;71.125;53.975;49.4416666666667;1175.41666666667;862.341666666667;1175.41666666667;491;1462.5;964.166666666667;811.666666666667;11.9141696123166;13.4764948647175;12.9416051158315;56.2727629456499;32.4444237210168;77.0657248647175;50.1127351352825;66.3736542824982;40.4904440508351;0.561229871698114;41.2706455394435;0.981492931258117;3.09879420186192;1.97633445846569;92.0643772041432;9.52308612525627;4.16753487791953;2.20454901540329;27.060300699541;45.0992486288935;26.9583543850225;81.035300699541;26.914699300459;116.224248628894;26.0257513711065;76.4000210516891;22.4833122816442;1849.92315685666;804.823953817638;615.595064074725;2661.58982352333;0;2267.32395381764;657.676046182362;1579.76173074139;348.571602591941;n;=78
79;42.6660139784946;59.8121333333333;42.6660139784946;54.6091935483871;9.77976559139785;6.20877204301075;9.77976559139785;7.31596129032258;2.49921862485402;63.1420108386205;2.49921862485402;3.07047674849481;60.0537634408602;85.0967741935484;60.0537634408602;55.7311827956989;862.301075268817;817.827956989247;862.301075268817;611.430107526882;1287.09677419355;1184.94623655914;586.021505376344;12.094234179411;13.7874123864088;10.9247012464356;54.7602481579056;30.5717797990836;73.5995457197421;46.0247209469245;65.5338947948227;43.6844923019515;0.469246033943514;91.1418746617064;0.706056284126848;2.96846465879753;2.0299725909105;154.283885500327;1;3.77653303262165;2.36442046436796;30.6453647787344;58.3251874363132;31.0179260179554;90.6991282195946;29.4083986621259;143.421961629862;26.7715867572352;86.7491088136543;24.7132567777436;669.294144383772;619.997511645009;588.281623728979;1255.31564976012;0;1907.09428583856;667.09926254854;1773.22786028812;596.664612830161;n;=79
80;41.7447950980392;58.2599039215686;41.7447950980392;51.6816088235294;9.29812156862745;5.89552549019609;9.29812156862745;7.33045490196079;2.61537493747142;61.7325512598538;2.61537493747142;3.24157117704223;65.5980392156863;87.7745098039216;65.5980392156863;59.2254901960784;914.352941176471;853.078431372549;914.352941176471;582.764705882353;1391.17647058824;1083.33333333333;610.78431372549;11.4973166828619;13.4148331884687;12.1344621324385;53.2421117809011;30.2474784151773;71.6747371100373;44.8450707331;63.816070955968;39.5471466910909;0.56698646714196;63.1171689976407;0.847721047923883;3.18236140461338;2.04838847032945;124.849720257494;1;4.08929222496611;2.39385012911834;30.1104435038484;49.2526135131542;27.9737878944427;95.7084827195347;35.4875957118379;137.027123317076;38.5218962907674;87.1992780905211;31.2517023016357;984.122151190783;853.078634516542;714.778001031842;1594.90646491627;0;2244.25510510478;538.097836071693;1798.11133436518;368.555332301491;n;=80
81;41.718189010989;60.7134483516483;41.6137448717949;52.036143956044;9.51277692307692;6.18731538461539;9.15288974358975;6.68578241758242;2.53713513945466;64.6870745632995;2.54350935872898;3.10662211588563;63.032967032967;85.1428571428571;62.7051282051282;56.7252747252747;1425.9010989011;849.525641025641;1522.70512820513;526.549450549451;1385.71428571429;959.340659340659;917.582417582418;12.2678148561316;13.7495350342585;11.8616381786198;53.9860038671206;29.4503741548574;74.4629833859069;46.9639133173898;63.8977821346638;40.1745057774242;0.462058754419358;66.9608994523202;0.627318885472109;2.99919389387402;2.0750763850353;131.64797401562;1;3.73394100135774;2.47930323041352;31.6253943495661;52.8710320662084;28.9555467471034;94.6583613825331;31.4075726834009;138.013889209066;32.2718250766488;85.6808214723781;27.7697279781714;4005.87328269639;831.808128058846;507.713397275366;4923.45570027881;0;2217.52241377313;553.906157655439;1467.05405661603;451.627262065293;n;=81
82;40.6727795454546;58.3319034090909;40.3206376623377;51.2122329545455;8.81401363636364;5.50287045454546;8.40306753246753;6.65666477272727;2.63100307842839;60.3367760922051;2.63672170065775;3.23996830391594;65.6931818181818;90.0795454545455;66.1688311688312;59.5568181818182;855.045454545455;907.441558441558;832.74025974026;572.602272727273;1405.68181818182;1057.95454545455;546.590909090909;10.6755146810828;13.4437245103598;12.0323202380779;51.3482942265373;29.9972648643718;71.7756279194507;44.8881788987311;63.2445531926234;39.1799127164675;0.507959327980912;55.3656835428285;0.723881469820391;3.1389624064093;2.12304375044747;115.702459635034;4.97109254937656;3.96384977373633;2.51608683409555;28.8883534399645;55.7239133526285;27.7703463587709;94.5815352581463;36.8048283782173;145.803458807174;34.355632101917;87.3271645405891;31.7864718230472;477.047640609047;745.925014650745;611.709793507799;1023.63854969996;69.5432684818623;2151.60683283256;659.756803531073;1669.66433896234;446.244751946746;n;=82
83;39.1759465116279;57.3896930232558;38.7884753424658;49.9897709302326;8.47113255813953;4.99198255813954;8.23400958904109;7.07182325581395;2.6387620892139;74.7570124260688;2.64875810321063;3.30485496620435;67.7093023255814;98.8255813953488;68.8356164383562;60.7906976744186;870.03488372093;898.986301369863;901.835616438356;585.662790697674;1339.53488372093;1047.67441860465;532.558139534884;11.1184166561579;13.2348663949948;10.2554841127348;50.2943631677858;28.05752985547;70.6245594182506;44.154826628261;60.2452550429674;39.7342868174977;0.586118473259129;144.635378517259;0.798335643854735;3.22488056247303;2.05264361595477;219.392390943328;1;4.10319061005908;2.50651932234961;26.5714868317281;57.1576132256938;25.6657777544889;94.2807891573095;41.1378154938533;155.983194621043;41.6679681696551;86.4564754289075;35.1249199199297;404.516228268989;737.448553701914;585.255448337289;937.074367803873;128.041911265895;2076.98343742284;602.086330019016;1632.92986694194;462.418970267362;n;=83
84;39.9398256410256;57.9795192307692;40.4168261538462;49.2036653846154;8.29935384615385;4.89769743589744;8.15096153846154;6.17308846153846;2.68904602399836;73.9501923866715;2.67262942103633;3.29367591146384;67.1282051282051;91.525641025641;67.2769230769231;62.8589743589744;745.179487179487;964.753846153846;729.307692307692;563.884615384615;1369.23076923077;1001.28205128205;458.974358974359;10.1276556215229;13.5680769760231;13.1027476950232;50.0674812625486;29.8121700195027;71.5475962067923;44.4114422547461;62.3064130796386;36.1009176895922;0.626701703097563;91.6587869911862;0.804624573852688;3.31574772709592;2.0623443209008;165.608979377858;1;4.09830048531653;2.48905133761115;27.8088834607576;46.9090649337671;30.5294085849167;94.9370885889628;39.3193216674475;138.434705959408;44.616576091874;93.3883829438911;32.3295657740576;396.882624356141;787.781315213429;688.399912038372;855.8569833305;62.0917346182183;2157.0120844442;581.44945401734;1689.68196332042;312.882139243679;n;=84
85;41.0096602739726;58.2798260273973;41.7484888888889;50.9103876712329;9.45679452054795;6.40860136986302;9.76032380952381;6.82614109589041;2.62234814155118;54.9079696235568;2.56917570604512;3.21394153780373;67.9315068493151;89.2054794520548;65.7142857142857;62.3972602739726;906.917808219178;913.222222222222;860.84126984127;563.972602739726;1472.60273972603;1001.3698630137;549.315068493151;12.247248977103;12.1762959372575;10.780091392366;53.2569092510756;28.7624112968696;70.4561219646548;46.1035300901397;61.6904790635988;40.1302962788669;0.617685229658837;49.9482952971473;0.813833848158815;3.24003337121001;2.00466291189234;104.856264920704;4.95967432640944;4.02777538596254;2.40010768964491;28.8633412091086;40.452289766296;27.9755546693237;96.7948480584236;39.0681656402065;129.657769218351;48.7531896857588;90.3728149432963;34.4217056046489;600.722548193985;905.578433006066;511.667521900732;1150.03761668714;0;2378.18117273209;567.024306719961;1513.03738491443;489.702341112966;n;=85
86;38.7292171428572;56.7441857142857;39.0278962962963;49.88902;7.91701;5.28055857142857;8.21048333333333;5.83968142857143;2.81242636010478;71.4674701702512;2.80353981377936;3.31965353074233;74.0714285714286;101.585714285714;72.962962962963;67.7142857142857;1023.28571428571;925.148148148148;1006.07407407407;573.1;1367.14285714286;941.428571428571;588.571428571429;12.233068901612;12.4710143659734;13.2918878274738;50.9622860444691;26.4961482412452;69.2152000802591;44.2731713483123;63.1809078274738;36.5971321725263;0.653417865573248;48.1848716305902;0.850384536491006;3.46584422567803;2.15900849453153;119.652341800841;23.2825985396609;4.17003806723334;2.46926899425133;34.1977715303169;54.8757470932981;33.6865959913198;108.269200101745;39.8736570411117;156.461461379012;46.7099671924162;101.400881705605;34.0276897229659;603.742640521139;858.836663212904;567.346444051287;1192.31406909257;0;2225.97952035576;508.306193929953;1508.77501547986;374.082127377285;n;=86
87;37.5462691176471;54.5589882352941;37.9098290322581;48.7762279411765;8.05944705882353;5.07191323529412;8.30341774193549;5.5475705882353;2.77828226209681;54.2919365770925;2.73163215854115;3.33068454633118;75.4705882352941;107.588235294118;73.3387096774194;69.9411764705882;827;936.677419354839;852.693548387097;625.897058823529;1335.29411764706;1072.05882352941;494.117647058824;12.4497025878312;14.9017798693073;10.8230788028127;49.9959717054782;25.0965665298159;69.4607681046014;39.6572083659868;59.5993067439892;37.9531491383637;0.625098755651296;36.192848561877;0.905010495132152;3.40338101774811;2.15318350644552;90.4847851389695;18.0990880152155;4.23569504146333;2.42567405119903;37.4689804394409;65.7558204209133;36.0281326034776;112.939568674735;38.0016077958532;173.344055715031;41.8324148732044;105.969309074066;33.9130438671106;493.202254216797;844.431223551193;534.718670133782;987.319901275621;0.915392842026279;2179.72534119825;490.862894095866;1606.77749366319;537.34015339563;n;=87
88;39.5131043478261;55.2837927536232;39.8171123076923;50.7502057971015;9.43673188405797;5.95121739130435;9.56255384615385;6.56083043478261;2.65150973015773;72.3932992766444;2.62371519021147;3.1658118790379;72.1739130434783;104.434782608696;71.7230769230769;67.231884057971;894.463768115942;948;880.430769230769;611.840579710145;1331.88405797101;1005.79710144928;524.63768115942;12.2280849697041;14.7549617073109;12.0020740639579;51.7411893175302;27.2850193781219;70.0387544609341;40.5288310463123;62.7522798610594;38.7481317331436;0.492719315600506;78.1944383250811;0.762485355458183;3.14422904575824;2.15879041455723;150.587737601726;1;3.92829723449608;2.40332652357972;30.0190902602186;57.4142527551943;30.4496425785727;102.193003303697;42.1548227832597;161.84903536389;47.0205298535013;97.6815266365438;36.7822414793983;489.419162676068;708.248202095513;657.956743163126;1014.05684383549;35.2185184833519;2040.13226006653;623.635855875502;1663.7538446124;347.840358286149;n;=88
89;41.4829483870968;53.9962403225807;42.5020035087719;52.0043306451613;8.99973870967742;6.1388564516129;9.26078596491228;7.11694677419355;2.67732508348634;71.4561938822236;2.61186176829514;3.87331763700248;68.6451612903226;98.8709677419355;66.7017543859649;60.6612903225807;1129.66129032258;787.631578947368;1163.24561403509;643.177419354839;1120.96774193548;1125.8064516129;656.451612903226;11.4130549373886;14.0409077337737;10.2426031322503;52.8960033244853;30.0698934497082;68.0371480563544;39.9553325888069;62.2469337774116;41.761727512911;0.625176172404862;105.30652223309;3.97709035872531;3.3025012558912;2.05214891108148;176.762716115314;1;7.8504079957278;1;28.1099111942853;54.3722698944448;25.2962405995774;96.7550724846079;40.5352500960372;153.24323763638;44.4986978474907;85.9575309221581;35.3650497230032;571.056245325471;731.299561139405;667.988289843116;1227.5078582287;85.3953675777546;1852.26730307489;389.668180796079;1793.79474145602;457.818161769787;n;=89
90;37.5370847457627;54.6410406779661;37.2901454545455;51.5004169491525;8.21934915254237;4.86920338983051;8.15872545454546;5.38172542372881;2.72962294131537;71.2831913359581;2.71285179467141;3.35475471374082;77.6610169491525;116.745762711864;77.5454545454546;70.2881355932203;886.898305084746;1050.2;906.581818181818;716.525423728814;1450.84745762712;1161.01694915254;483.050847457627;9.83174285812091;14.3011144695346;11.4780048883334;47.3688276038836;27.7053418876418;68.9421551475006;40.3399262084315;62.9784218374859;40.0224120608192;0.637983789128315;95.1547251333458;0.747250904847171;3.36760673044369;2.09163915218705;166.437916469304;1;4.10200561858799;2.60750380889365;30.5826241908091;63.9281906463966;31.459361222584;108.243641139962;47.0783927583435;180.673953358261;52.8175720654678;101.747496815804;38.8287743706363;439.495220786412;744.259150582768;736.959491974438;922.546068244039;43.5556266712152;2195.10660820989;706.588307044351;1897.97644112698;424.057457178104;n;=90
91;39.867075862069;56.1608482758621;41.2044543478261;50.1354732758621;8.83997068965518;5.33988534482759;9.20402391304348;6.08199913793104;2.69727476052072;56.0285389024269;2.66960604590274;3.15965701392613;74.6551724137931;107.155172413793;73.2717391304348;69.6120689655172;1564.68103448276;908.641304347826;1807.52173913043;636.353448275862;1329.31034482759;1035.34482758621;841.379310344828;13.2344089398127;14.2299044639677;12.3375164109374;53.1014848018817;26.6326669222562;70.3907527398298;41.9309438118943;62.4729896867994;37.7979568649247;0.630812462455438;42.2964387421652;0.802137345180794;3.32808722297615;2.06646229806528;98.3249776445921;13.7321001602616;3.96179435910692;2.35751966874533;34.1037046179102;62.9755789034995;33.941835555838;108.758877031703;40.551467795883;170.130751317293;44.1795935102937;103.553904521355;35.6702334096792;3264.96738023567;807.1438901276;605.08774934533;4106.3466905805;0;2136.45423495519;522.166454699986;1640.43257693154;430.257078240877;n;=91
92;37.0761924369748;54.4650445378151;37.0694061946903;49.5675235294118;7.78771680672269;5.20100336134454;7.88456902654867;6.02326890756303;2.79968390094265;75.5908617806469;2.78957987362963;3.43865359962994;81.6218487394958;115.966386554622;81.7345132743363;74.1008403361345;912.025210084034;961.619469026549;913.566371681416;674.596638655462;1315.12605042017;1068.90756302521;467.226890756303;11.9027848212812;13.5126893583728;11.5874905740199;48.978977258256;25.1734076156936;67.9777338961879;40.9523551794424;61.1550141034317;37.9800329553918;0.752122646842217;71.2678591931325;0.901178070281594;3.55180654778487;2.04756125410043;146.858720973779;4.32300258751441;4.33983166991153;2.53747552934834;37.9685399648403;62.7611740031693;36.0586610010155;119.590388704336;43.6533087746555;178.727560557791;53.2052125514526;110.15950133715;38.042179335119;449.690900187493;733.882022507496;642.788931164081;916.917790943795;17.5359905688099;2049.00807292766;581.244027912672;1711.69649418929;426.118631861129;n;=92
93;38.5260276119403;55.6531529850746;38.5339984962406;50.4726119402985;8.16767985074627;4.67954104477612;8.17966691729323;5.87610149253732;2.75874181887418;70.9664537120268;2.7604398886477;3.29172809278748;78.2238805970149;112.253731343284;78.2932330827068;73.4029850746269;1069.05223880597;1023.06766917293;1067.1954887218;696.507462686567;1455.22388059701;1119.40298507463;533.582089552239;11.6787231317353;13.1076098638754;11.7602213711521;50.2047507436756;26.8473044802051;68.76076284895;42.5455431211993;62.2328333114506;38.7123905691464;0.712254102746099;59.0625675459358;0.863150463147832;3.47099592162028;2.04648771612808;130.029021257963;11.9038861660911;4.15487855593532;2.42857762963965;35.6184124453701;67.4987815615081;35.6676638800669;113.842293042385;42.6054681516449;179.752512904792;44.7549497817755;109.070648954694;37.73532119456;455.863063110385;838.416621199523;685.343622932892;989.445152662624;77.7190264418538;2293.64050179654;616.807259397492;1804.74660800752;434.059362141735;n;=93
94;38.6828188311688;53.9091428571428;38.7286869281046;49.0591987012987;7.79498831168831;4.79073116883117;7.81888235294117;5.85491363636364;2.76969369130758;72.6272948466069;2.76628440029517;3.54094863443499;81.1233766233766;121.551948051948;80.843137254902;76.2532467532468;1060.29220779221;930.398692810457;1056.34640522876;645.805194805195;1281.81818181818;988.311688311688;512.987012987013;11.5284951317527;15.4636092971451;12.6901578081165;50.2113139629215;27.1543236994161;69.3727521542879;38.4455335599977;61.7493565094152;36.3690408931822;0.573210528549851;84.6310505426544;0.993538219576934;3.34290421985743;2.19648316275773;157.258345389261;1;4.53448685401193;2.54741041485806;36.6240979138192;73.1300249674226;37.3071619906275;117.747474537196;44.4992787095574;194.681973019371;48.4219230845255;113.560408743874;38.9460847626192;394.687151479059;774.803752969081;582.977264094172;907.674164466072;118.299861507954;2056.62193478726;507.014428849101;1571.28895240586;405.334424217516;n;=94
95;34.4533251798561;48.9509964028777;34.3057654411765;46.9576928057554;7.32631870503598;4.37861798561151;7.34000955882353;5.62987194244604;2.80446585616539;84.5541712806923;2.81288945448854;3.40649286330536;90.431654676259;142.913669064748;90.9705882352941;85.5251798561151;1036.64748201439;843.235294117647;1043.86029411765;673.251798561151;1192.80575539568;1027.3381294964;477.697841726619;10.5991618407764;13.5982586563976;12.7258761630579;45.0524870206325;23.8541633390797;62.5492550592753;35.3527377464801;59.6835689688133;34.2318166426976;0.70454766230396;101.88296844558;0.787738670347695;3.50901351846936;2.09991819386143;186.437139726272;1;4.19423153365306;2.61875419295767;38.6191081261543;81.7626010333867;41.5856599683551;129.050762802413;51.8125465501047;224.676270098135;61.1510680313616;127.11083982447;43.93951988776;396.733613666273;725.282582387349;607.776388537053;874.431455392892;80.9642280603458;1918.08833778303;467.523173008335;1635.11451803346;419.56174095935;n;=95
96;36.5698418918919;53.3879506756757;36.6961631944444;48.3355905405406;7.21917702702703;4.72232972972973;7.15151527777778;5.86106013513513;2.75910027528171;62.0909315338248;2.76457322390899;3.76779775422942;84.3378378378378;122.378378378378;84.2638888888889;76.0067567567568;1024.49324324324;961.763888888889;1028.17361111111;672.527027027027;1322.97297297297;1023.64864864865;502.027027027027;12.5943099226067;13.9162635218555;11.7818639105439;49.1641518144986;23.9755319692852;67.3042141975312;39.4716871538201;60.1174544510844;36.5537266299967;0.626448898430785;55.3889056576813;3.1856320432242;3.3855491737125;2.13265137685093;117.479837191506;6.70202587614346;6.95342979745362;1;41.4447512007971;69.4435027453464;39.7765008775644;125.782589038635;42.8930866370407;191.821881123725;52.934875633032;115.783257634321;36.2302558791924;571.960418519504;744.969030502227;607.925152760359;1073.98744554653;0;2067.9420034752;578.003942470746;1631.57380140901;415.72349588829;n;=96
97;35.8068769784172;52.1254366906475;35.4520477941176;47.695690647482;7.26110143884892;4.82406906474821;7.29973235294118;5.21158129496403;2.87457109978627;60.1578120238066;2.88478706978484;3.57719101377459;91.3309352517986;140.093525179856;92.1911764705882;84.294964028777;1196.12949640288;951.058823529412;1195.99264705882;715.597122302158;1327.3381294964;1064.74820143885;569.064748201439;12.1045760141153;14.1767472963226;12.1086502409084;47.9114529925325;23.702300964302;66.3021839869701;37.9486893943249;59.8043408883904;35.5870404065736;0.723787125938178;56.6844263139899;0.930470131316696;3.59835822572445;2.15078397384809;116.842238337796;3.47338570981672;4.50766114509129;2.64672088245789;41.0549981933406;76.9221224927355;38.3776907638834;132.385933445139;50.275937058458;217.015647672592;63.1714026871206;122.67265479266;45.9172732648936;620.4076407531;828.898846593137;682.584953501571;1189.47238895454;0;2156.23697608954;498.439282903266;1747.33315494042;382.163247937278;n;=97
98;33.1363328671329;50.1349846153846;33.1363328671329;47.8154202797203;6.23498601398601;4.4895;6.23498601398601;4.8808;2.96787209465904;64.7335445218195;2.96787209465904;3.76413471442508;96.5524475524476;142.335664335664;96.5524475524476;90.5384615384615;1129.34265734266;963.468531468532;1129.34265734266;755.524475524476;1291.60839160839;1069.23076923077;523.776223776224;11.189434118914;13.9905753757906;11.6138504810296;44.3257669860469;21.9468987482188;64.1255599911752;36.1444092395941;59.4292707607499;36.2015697986906;0.837097341806726;56.0026990172668;3.44096723098757;3.80496943646577;2.13077475285231;120.736243539086;8.73084550455269;7.20510194541265;1;40.1519435134959;74.1949225755996;39.4893048866825;136.704391065943;56.4005040389517;216.530586911264;68.1407417600648;130.027766425144;51.049156651779;444.204946031218;815.388657306622;580.581395008216;967.981169807442;79.5712777450057;2106.99704891501;476.21973430177;1649.81216423898;488.649374222554;n;=98
99;33.2129576388889;46.8416958333333;33.1408552447553;45.5081048611111;6.488225;4.27674097222222;6.4587972027972;5.15676875;2.86832287092399;74.1504609899931;2.87002543320537;3.60084586007666;101.722222222222;151.902777777778;101.846153846154;94.0555555555556;1034.65277777778;901.13986013986;1038.12587412587;708.993055555556;1177.77777777778;991.666666666667;450;10.7977313992538;14.3376241482258;11.2531850326628;44.0106890381427;22.4152262396351;61.1793199815591;32.5040716851075;56.7612898937739;34.2549198284483;0.561067807320389;82.6651888810003;0.831537265328444;3.42939067824438;2.3072550636036;156.815649870993;1;4.4323831254051;2.76930859474821;43.6241808297778;80.180070021132;43.4695903316938;145.346403052;58.0980413924444;232.08284779891;71.7227077566458;137.525145887249;50.5859652238618;396.488079521689;809.337503781454;570.302336699364;846.488079521689;53.511920478311;1987.11528155923;368.440273996324;1561.96900336603;421.364329967302;n;=99
100;34.4901892857143;49.5227764285714;0;47.31273;7.23386071428571;4.42383214285714;0;4.847095;2.86220436160709;76.6338050070987;0;3.54271959355234;95.8357142857143;147.685714285714;0;88.6428571428571;1070.82857142857;0;0;741.078571428571;1251.42857142857;1030;480.714285714286;11.9555934593331;14.0553777182551;12.3932191480333;46.4457827450474;22.5345958263812;63.5781541468265;35.4673987103163;59.7059491480333;34.9195108519667;0.658819385985467;75.0591066426749;0.926624408871243;3.52102374759255;2.20338497562162;151.692911649774;1.57469836442375;4.46934400242358;2.6160951846811;43.7719089174495;86.4874994680406;46.0831390424765;139.607623203164;52.0638053682648;234.173213753755;61.1982148176737;134.725996185334;42.5597181003806;397.636258456211;821.516908427621;591.875448690508;878.350544170497;83.078027258075;2072.94547985619;429.91166300095;1621.87544869051;438.124551309492;n;=100
;;;;;0;;;;;;0;;;;;;;;;;;;;;;;;;;;;;;;;;;;;;;;;;;;;;;;;;;;;;;;;;
